Date,International_visitors,Domestic_visitors,Total_arrivals
2019-01-01 00:00:00,3085,28147,31232
2019-01-02 00:00:00,2626,33918,36544
2019-01-03 00:00:00,2882,32242,35124
2019-01-04 00:00:00,2940,31761,34701
2019-01-05 00:00:00,3294,32063,35357
2019-01-06 00:00:00,2820,32259,35079
2019-01-07 00:00:00,3133,33882,37015
2019-01-08 00:00:00,3105,31966,35071
2019-01-09 00:00:00,2644,30833,33477
2019-01-10 00:00:00,3064,34651,37715
2019-01-11 00:00:00,3575,33427,37002
2019-01-12 00:00:00,3969,36144,40113
2019-01-13 00:00:00,3152,35499,38651
2019-01-14 00:00:00,3477,29897,33374
2019-01-15 00:00:00,3932,34298,38230
2019-01-16 00:00:00,3073,33408,36481
2019-01-17 00:00:00,3360,35056,38416
2019-01-18 00:00:00,3793,35338,39131
2019-01-19 00:00:00,4276,37538,41814
2019-01-20 00:00:00,3410,34423,37833
2019-01-21 00:00:00,3870,34921,38791
2019-01-22 00:00:00,4102,32466,36568
2019-01-23 00:00:00,3375,32029,35404
2019-01-24 00:00:00,3684,33858,37542
2019-01-25 00:00:00,3736,34614,38350
2019-01-26 00:00:00,4172,35296,39468
2019-01-27 00:00:00,3310,32872,36182
2019-01-28 00:00:00,3918,33437,37355
2019-01-29 00:00:00,4227,33469,37696
2019-01-30 00:00:00,3563,25417,29980
2019-01-31 00:00:00,3758,30914,34672
2019-02-01 00:00:00,4013,34998,39011
2019-02-02 00:00:00,4564,40069,44633
2019-02-03 00:00:00,3530,39827,43357
2019-02-04 00:00:00,3679,28434,32113
2019-02-05 00:00:00,4580,33034,37614
2019-02-06 00:00:00,4107,37461,41568
2019-02-07 00:00:00,4042,35543,39585
2019-02-08 00:00:00,4001,34659,38660
2019-02-09 00:00:00,4806,33042,37848
2019-02-10 00:00:00,3753,34131,37884
2019-02-11 00:00:00,4451,34883,39334
2019-02-12 00:00:00,4597,34130,38727
2019-02-13 00:00:00,3662,34577,38239
2019-02-14 00:00:00,3857,35100,38957
2019-02-15 00:00:00,3947,35517,39464
2019-02-16 00:00:00,4343,35885,40228
2019-02-17 00:00:00,3446,35519,38965
2019-02-18 00:00:00,3729,35350,39079
2019-02-19 00:00:00,4116,33561,37677
2019-02-20 00:00:00,3558,35635,39193
2019-02-21 00:00:00,3958,35662,39620
2019-02-22 00:00:00,1455,36916,41071
2019-02-23 00:00:00,4477,37641,42118
2019-02-24 00:00:00,3773,37137,40910
2019-02-25 00:00:00,4022,36912,40214
2019-02-26 00:00:00,5905,35977,41882
2019-02-27 00:00:00,3641,36790,40431
2019-02-28 00:00:00,3877,37114,40991
2019-03-01 00:00:00,3820,42844,46664
2019-03-02 00:00:00,6488,28495,34983
2019-03-03 00:00:00,3426,29324,32750
2019-03-04 00:00:00,3923,29067,32990
2019-03-05 00:00:00,3912,26702,30614
2019-03-06 00:00:00,3463,25856,29319
2019-03-07 00:00:00,3563,32039,35602
2019-03-08 00:00:00,4019,34746,38765
2019-03-09 00:00:00,4381,33002,37383
2019-03-10 00:00:00,3218,31119,34337
2019-03-11 00:00:00,3995,30774,34769
2019-03-12 00:00:00,4143,28638,32781
2019-03-13 00:00:00,3600,28072,31672
2019-03-14 00:00:00,3950,32855,36805
2019-03-15 00:00:00,4059,35472,39531
2019-03-16 00:00:00,4245,35791,40036
2019-03-17 00:00:00,4005,34692,38697
2019-03-18 00:00:00,4201,32970,37171
2019-03-19 00:00:00,3932,30350,34282
2019-03-20 00:00:00,1944,24898,26842
2019-03-21 00:00:00,4402,38338,42740
2019-03-22 00:00:00,4305,38067,42372
2019-03-23 00:00:00,5048,37392,42440
2019-03-24 00:00:00,3800,36050,39850
2019-03-25 00:00:00,4559,35794,41353
2019-03-26 00:00:00,4566,34831,39397
2019-03-27 00:00:00,3661,35316,38977
2019-03-28 00:00:00,6719,35489,42208
2019-03-29 00:00:00,4353,37968,42321
2019-03-30 00:00:00,4567,38146,42713
2019-03-31 00:00:00,4153,34383,38536
2019-04-01 00:00:00,4733,36056,40789
2019-04-02 00:00:00,3820,35735,39555
2019-04-03 00:00:00,4206,36359,40565
2019-04-04 00:00:00,4486,37459,41945
2019-04-05 00:00:00,7513,40087,47600
2019-04-06 00:00:00,4733,39122,43855
2019-04-07 00:00:00,5875,35587,41462
2019-04-08 00:00:00,4288,37650,41938
2019-04-09 00:00:00,3156,27880,31036
2019-04-10 00:00:00,6203,40994,47197
2019-04-11 00:00:00,4122,39864,43986
2019-04-12 00:00:00,4646,40257,44903
2019-04-13 00:00:00,4641,40912,45553
2019-04-14 00:00:00,3591,35721,39312
2019-04-15 00:00:00,5091,37486,42577
2019-04-16 00:00:00,4785,34581,39366
2019-04-17 00:00:00,4154,37106,41260
2019-04-18 00:00:00,4414,39433,43847
2019-04-19 00:00:00,4706,39616,44322
2019-04-20 00:00:00,6725,40689,47414
2019-04-21 00:00:00,4986,36409,41395
2019-04-22 00:00:00,4668,38247,42915
2019-04-23 00:00:00,4111,35922,40033
2019-04-24 00:00:00,4525,39408,43933
2019-04-25 00:00:00,4427,39816,44243
2019-04-26 00:00:00,4825,42209,47034
2019-04-27 00:00:00,6279,43078,49357
2019-04-28 00:00:00,4476,39894,44370
2019-04-29 00:00:00,5072,39597,44669
2019-04-30 00:00:00,4734,39732,44466
2019-05-01 00:00:00,4689,41205,45894
2019-05-02 00:00:00,4886,39020,43906
2019-05-03 00:00:00,4622,42354,46976
2019-05-04 00:00:00,4536,46775,51311
2019-05-05 00:00:00,3822,34142,37964
2019-05-06 00:00:00,4452,33949,38401
2019-05-07 00:00:00,4227,34244,38471
2019-05-08 00:00:00,5279,35626,40905
2019-05-09 00:00:00,3919,36860,40779
2019-05-10 00:00:00,4625,36670,41295
2019-05-11 00:00:00,4489,38516,43005
2019-05-12 00:00:00,4153,34591,38744
2019-05-13 00:00:00,4578,39888,44466
2019-05-14 00:00:00,5354,37445,42799
2019-05-15 00:00:00,8224,40342,48566
2019-05-16 00:00:00,4177,39881,44058
2019-05-17 00:00:00,4207,38146,42353
2019-05-18 00:00:00,4622,36703,41325
2019-05-19 00:00:00,4556,36378,40934
2019-05-20 00:00:00,4710,40497,45207
2019-05-21 00:00:00,3872,36678,40550
2019-05-22 00:00:00,4555,38869,43424
2019-05-23 00:00:00,4577,38092,42669
2019-05-24 00:00:00,5365,38636,44011
2019-05-25 00:00:00,5153,39962,45115
2019-05-26 00:00:00,4741,35844,40585
2019-05-27 00:00:00,5083,33634,38717
2019-05-28 00:00:00,4448,37468,41916
2019-05-29 00:00:00,4748,37825,42573
2019-05-30 00:00:00,4924,35452,40376
2019-05-31 00:00:00,4890,37154,42044
2019-06-01 00:00:00,5030,42492,47522
2019-06-02 00:00:00,4863,39317,44180
2019-06-03 00:00:00,4937,40796,45733
2019-06-04 00:00:00,4524,40162,44686
2019-06-05 00:00:00,5403,42719,48122
2019-06-06 00:00:00,6872,46056,52928
2019-06-07 00:00:00,5613,31943,37556
2019-06-08 00:00:00,4968,34239,39207
2019-06-09 00:00:00,4370,38677,43047
2019-06-10 00:00:00,4851,39073,43924
2019-06-11 00:00:00,4539,36825,41364
2019-06-12 00:00:00,4723,37804,42527
2019-06-13 00:00:00,5217,40364,45581
2019-06-14 00:00:00,5093,39720,44813
2019-06-15 00:00:00,5376,41102,46478
2019-06-16 00:00:00,4814,37736,42550
2019-06-17 00:00:00,5442,38428,43870
2019-06-18 00:00:00,5099,35449,40548
2019-06-19 00:00:00,6686,37025,43711
2019-06-20 00:00:00,5095,39600,44695
2019-06-21 00:00:00,5133,39884,45017
2019-06-22 00:00:00,5504,40320,45824
2019-06-23 00:00:00,4824,39911,44735
2019-06-24 00:00:00,5172,40507,45679
2019-06-25 00:00:00,4876,36887,41763
2019-06-26 00:00:00,4870,35170,40040
2019-06-27 00:00:00,5498,35451,40949
2019-06-28 00:00:00,4949,33781,38730
2019-06-29 00:00:00,5041,31840,36881
2019-06-30 00:00:00,5090,34563,39653
2019-07-01 00:00:00,5100,36296,41396
2019-07-02 00:00:00,4297,33142,37439
2019-07-03 00:00:00,4867,35665,40532
2019-07-04 00:00:00,5019,37152,42171
2019-07-05 00:00:00,4832,35787,40619
2019-07-06 00:00:00,5114,36971,42085
2019-07-07 00:00:00,5034,36353,41387
2019-07-08 00:00:00,5022,36212,41234
2019-07-09 00:00:00,4664,32526,37190
2019-07-10 00:00:00,4851,34319,39170
2019-07-11 00:00:00,5496,38131,43627
2019-07-12 00:00:00,5208,35783,40991
2019-07-13 00:00:00,5469,38334,43803
2019-07-14 00:00:00,4976,38955,43931
2019-07-15 00:00:00,4807,37379,42186
2019-07-16 00:00:00,4787,34482,39269
2019-07-17 00:00:00,4858,35443,40301
2019-07-18 00:00:00,4677,36117,40794
2019-07-19 00:00:00,2826,25622,28448
2019-07-20 00:00:00,4405,26396,30801
2019-07-21 00:00:00,5731,39248,44979
2019-07-22 00:00:00,5476,39052,44528
2019-07-23 00:00:00,4822,35806,40628
2019-07-24 00:00:00,5092,38398,43490
2019-07-25 00:00:00,5234,40000,45234
2019-07-26 00:00:00,5683,39737,45420
2019-07-27 00:00:00,7375,45708,53083
2019-07-28 00:00:00,5275,42810,48085
2019-07-29 00:00:00,5452,42338,47790
2019-07-30 00:00:00,4740,40240,44980
2019-07-31 00:00:00,5025,44793,49818
2019-08-01 00:00:00,5338,46723,52061
2019-08-02 00:00:00,5667,42484,48151
2019-08-03 00:00:00,5584,44942,50526
2019-08-04 00:00:00,5703,43416,49119
2019-08-05 00:00:00,5747,43998,49745
2019-08-06 00:00:00,5158,35855,41013
2019-08-07 00:00:00,5353,37378,42731
2019-08-08 00:00:00,5487,38879,44366
2019-08-09 00:00:00,4549,38358,42907
2019-08-10 00:00:00,4737,38808,43545
2019-08-11 00:00:00,5778,38570,44348
2019-08-12 00:00:00,6363,40577,46940
2019-08-13 00:00:00,5087,40501,45588
2019-08-14 00:00:00,5755,41944,47699
2019-08-15 00:00:00,7120,46163,53283
2019-08-16 00:00:00,6065,36933,42998
2019-08-17 00:00:00,7554,36767,44321
2019-08-18 00:00:00,5716,40716,46432
2019-08-19 00:00:00,5776,41976,47752
2019-08-20 00:00:00,5204,37202,42406
2019-08-21 00:00:00,5600,37435,43035
2019-08-22 00:00:00,5724,38703,44427
2019-08-23 00:00:00,5681,38779,44460
2019-08-24 00:00:00,5714,41120,46834
2019-08-25 00:00:00,5609,40560,46169
2019-08-26 00:00:00,5382,41852,47234
2019-08-27 00:00:00,5122,38339,43461
2019-08-28 00:00:00,5104,39601,44705
2019-08-29 00:00:00,5255,38994,44249
2019-08-30 00:00:00,5310,38111,43421
2019-08-31 00:00:00,5543,35754,41297
2019-09-01 00:00:00,4797,33254,38051
2019-09-02 00:00:00,5307,31558,36865
2019-09-03 00:00:00,4697,28048,32745
2019-09-04 00:00:00,5135,27846,32981
2019-09-05 00:00:00,5218,26964,32182
2019-09-06 00:00:00,2750,16626,19376
2019-09-07 00:00:00,4147,9071,13218
2019-09-08 00:00:00,5398,30062,35460
2019-09-09 00:00:00,4763,25878,30641
2019-09-10 00:00:00,4263,35124,39387
2019-09-11 00:00:00,4699,42774,47473
2019-09-12 00:00:00,5801,47767,53568
2019-09-13 00:00:00,5727,39852,45579
2019-09-14 00:00:00,5414,37732,43146
2019-09-15 00:00:00,4644,42380,47024
2019-09-16 00:00:00,5351,39517,44868
2019-09-17 00:00:00,5868,39998,45866
2019-09-18 00:00:00,5477,39767,45244
2019-09-19 00:00:00,5352,39348,44700
2019-09-20 00:00:00,5846,33743,39589
2019-09-21 00:00:00,3868,28193,32061
2019-09-22 00:00:00,1396,6636,8032
2019-09-23 00:00:00,7706,43555,51261
2019-09-24 00:00:00,5206,40482,45688
2019-09-25 00:00:00,5555,40317,45872
2019-09-26 00:00:00,5716,39855,45571
2019-09-27 00:00:00,5786,40239,46025
2019-09-28 00:00:00,5789,40224,46013
2019-09-29 00:00:00,5323,39847,45170
2019-09-30 00:00:00,5745,34212,39957
2019-10-01 00:00:00,4294,32610,36904
2019-10-02 00:00:00,1865,11859,13724
2019-10-03 00:00:00,8192,44000,52192
2019-10-04 00:00:00,5516,45207,50723
2019-10-05 00:00:00,5197,39929,45126
2019-10-06 00:00:00,4912,41128,46040
2019-10-07 00:00:00,5413,39088,44501
2019-10-08 00:00:00,5008,40602,45610
2019-10-09 00:00:00,5221,41715,46936
2019-10-10 00:00:00,5314,37952,43266
2019-10-11 00:00:00,5885,39351,45236
2019-10-12 00:00:00,5178,40797,45975
2019-10-13 00:00:00,5316,40929,46245
2019-10-14 00:00:00,5669,44420,50089
2019-10-15 00:00:00,6394,42769,49163
2019-10-16 00:00:00,5228,42382,47610
2019-10-17 00:00:00,5379,42448,47827
2019-10-18 00:00:00,5760,43417,49177
2019-10-19 00:00:00,6317,43928,50245
2019-10-20 00:00:00,5450,41411,46861
2019-10-21 00:00:00,5571,43996,49567
2019-10-22 00:00:00,5010,41947,46957
2019-10-23 00:00:00,6820,42310,49130
2019-10-24 00:00:00,5164,42701,47865
2019-10-25 00:00:00,5512,42564,48076
2019-10-26 00:00:00,5358,43789,49147
2019-10-27 00:00:00,4553,39140,43693
2019-10-28 00:00:00,5463,40243,45706
2019-10-29 00:00:00,5313,37770,43083
2019-10-30 00:00:00,4183,38622,42805
2019-10-31 00:00:00,5116,38863,43979
2019-11-01 00:00:00,5257,41770,47027
2019-11-02 00:00:00,5876,42819,48695
2019-11-03 00:00:00,6805,41194,47999
2019-11-04 00:00:00,5135,40854,45989
2019-11-05 00:00:00,5224,38791,44015
2019-11-06 00:00:00,4047,39692,43739
2019-11-07 00:00:00,4960,40592,45552
2019-11-08 00:00:00,5089,42099,47188
2019-11-09 00:00:00,5472,43577,49049
2019-11-10 00:00:00,4208,40611,44819
2019-11-11 00:00:00,4583,38842,43425
2019-11-12 00:00:00,4834,36665,41499
2019-11-13 00:00:00,3859,40385,44244
2019-11-14 00:00:00,4600,40796,45396
2019-11-15 00:00:00,4720,41860,46580
2019-11-16 00:00:00,5063,42226,47289
2019-11-17 00:00:00,4267,39614,43881
2019-11-18 00:00:00,4904,36452,41356
2019-11-19 00:00:00,4867,34113,38980
2019-11-20 00:00:00,4266,37602,41868
2019-11-21 00:00:00,5095,39965,45060
2019-11-22 00:00:00,5133,39906,45039
2019-11-23 00:00:00,5472,39955,45427
2019-11-24 00:00:00,4163,37886,42049
2019-11-25 00:00:00,5146,36029,41175
2019-11-26 00:00:00,5507,32754,38261
2019-11-27 00:00:00,4192,34732,38924
2019-11-28 00:00:00,4665,39484,44149
2019-11-29 00:00:00,5148,37363,42511
2019-11-30 00:00:00,4891,36584,41475
2019-12-01 00:00:00,3924,33945,37869
2019-12-02 00:00:00,4114,31943,36057
2019-12-03 00:00:00,4530,29168,33698
2019-12-04 00:00:00,3588,30992,34580
2019-12-05 00:00:00,4280,36917,41197
2019-12-06 00:00:00,4749,36817,41566
2019-12-07 00:00:00,4705,35965,40670
2019-12-08 00:00:00,4308,36100,40408
2019-12-09 00:00:00,4768,35557,40325
2019-12-10 00:00:00,4778,32458,37236
2019-12-11 00:00:00,4172,33751,37923
2019-12-12 00:00:00,4392,40607,44999
2019-12-13 00:00:00,5027,38407,43434
2019-12-14 00:00:00,5285,37854,43139
2019-12-15 00:00:00,4440,37581,42021
2019-12-16 00:00:00,5077,37505,42582
2019-12-17 00:00:00,5539,34708,40247
2019-12-18 00:00:00,4008,36667,40675
2019-12-19 00:00:00,5092,39057,44149
2019-12-20 00:00:00,5025,37638,42663
2019-12-21 00:00:00,5902,38985,44887
2019-12-22 00:00:00,5286,39383,44669
2019-12-23 00:00:00,5664,37724,43388
2019-12-24 00:00:00,5555,36546,42101
2019-12-25 00:00:00,3932,39059,42991
2019-12-26 00:00:00,5406,39103,44509
2019-12-27 00:00:00,5426,39810,45236
2019-12-28 00:00:00,5605,40463,46068
2019-12-29 00:00:00,4879,40533,45412
2019-12-30 00:00:00,4559,38712,43271
2019-12-31 00:00:00,5872,37042,42914
2020-01-01 00:00:00,4263,36604,40867
2020-01-02 00:00:00,4834,38709,43543
2020-01-03 00:00:00,4848,34879,39727
2020-01-04 00:00:00,5059,35803,40862
2020-01-05 00:00:00,4388,37686,42074
2020-01-06 00:00:00,4751,38232,42983
2020-01-07 00:00:00,3984,33861,37845
2020-01-08 00:00:00,4933,38656,43589
2020-01-09 00:00:00,5103,39596,44699
2020-01-10 00:00:00,4980,38854,43834
2020-01-11 00:00:00,5125,38866,43991
2020-01-12 00:00:00,4827,38801,43628
2020-01-13 00:00:00,5175,40253,45428
2020-01-14 00:00:00,5479,38465,43944
2020-01-15 00:00:00,4154,38141,42295
2020-01-16 00:00:00,5357,37873,43230
2020-01-17 00:00:00,5169,36976,42145
2020-01-18 00:00:00,5377,36081,41458
2020-01-19 00:00:00,4541,33043,37584
2020-01-20 00:00:00,5146,30730,35876
2020-01-21 00:00:00,5512,27057,32569
2020-01-22 00:00:00,4370,35057,39427
2020-01-23 00:00:00,5530,40147,45677
2020-01-24 00:00:00,4431,43931,48362
2020-01-25 00:00:00,4709,35803,40512
2020-01-26 00:00:00,3227,36561,39788
2020-01-27 00:00:00,3245,34264,37509
2020-01-28 00:00:00,2930,34980,37910
2020-01-29 00:00:00,2520,30977,33497
2020-01-30 00:00:00,2951,26391,29342
2020-01-31 00:00:00,2359,25215,27574
2020-02-01 00:00:00,2321,23657,25978
2020-02-02 00:00:00,1937,21748,23685
2020-02-03 00:00:00,1866,19209,21075
2020-02-04 00:00:00,1285,17633,18918
2020-02-05 00:00:00,1247,15873,17120
2020-02-06 00:00:00,1280,17184,18464
2020-02-07 00:00:00,1360,19213,20573
2020-02-08 00:00:00,1127,20488,21615
2020-02-09 00:00:00,976,18959,19935
2020-02-10 00:00:00,906,19074,19980
2020-02-11 00:00:00,1003,18922,19925
2020-02-12 00:00:00,755,18720,19475
2020-02-13 00:00:00,793,24409,25202
2020-02-14 00:00:00,907,25936,26843
2020-02-15 00:00:00,864,27679,28543
2020-02-16 00:00:00,769,26120,26889
2020-02-17 00:00:00,639,25105,25744
2020-02-18 00:00:00,453,27135,27588
2020-02-19 00:00:00,623,27247,27870
2020-02-20 00:00:00,815,29316,30131
2020-02-21 00:00:00,383,28754,29137
2020-02-22 00:00:00,762,23732,24494
2020-02-23 00:00:00,613,20508,21121
2020-02-24 00:00:00,524,16379,16903
2020-02-25 00:00:00,598,14567,15165
2020-02-26 00:00:00,351,13978,14329
2020-02-27 00:00:00,383,13318,13701
2020-02-28 00:00:00,240,13932,14172
2020-02-29 00:00:00,320,14855,15175
2020-03-01 00:00:00,337,13402,13739
2020-03-02 00:00:00,270,15628,15898
2020-03-03 00:00:00,343,15325,15668
2020-03-04 00:00:00,205,14393,14598
2020-03-05 00:00:00,222,15727,15949
2020-03-06 00:00:00,210,16869,17079
2020-03-07 00:00:00,193,16015,16208
2020-03-08 00:00:00,139,13533,13672
2020-03-09 00:00:00,137,15234,15371
2020-03-10 00:00:00,153,15637,15790
2020-03-11 00:00:00,106,17209,17315
2020-03-12 00:00:00,118,17600,17718
2020-03-13 00:00:00,89,17570,17659
2020-03-14 00:00:00,128,16795,16923
2020-03-15 00:00:00,88,15846,15934
2020-03-16 00:00:00,79,16513,16592
2020-03-17 00:00:00,66,16882,16948
2020-03-18 00:00:00,94,16089,16183
2020-03-19 00:00:00,41,16406,16447
2020-03-20 00:00:00,35,17570,17605
2020-03-21 00:00:00,34,17540,17574
2020-03-22 00:00:00,39,16605,16644
2020-03-23 00:00:00,31,14890,14921
2020-03-24 00:00:00,23,16887,16910
2020-03-25 00:00:00,35,13021,13056
2020-03-26 00:00:00,27,13016,13043
2020-03-27 00:00:00,24,14653,14677
2020-03-28 00:00:00,37,15071,15108
2020-03-29 00:00:00,26,13454,13480
2020-03-30 00:00:00,81,11640,11721
2020-03-31 00:00:00,31,11950,11981
2020-04-01 00:00:00,35,14668,14703
2020-04-02 00:00:00,30,15454,15484
2020-04-03 00:00:00,28,15223,15251
2020-04-04 00:00:00,32,14490,14522
2020-04-05 00:00:00,26,11578,11604
2020-04-06 00:00:00,26,12840,12866
2020-04-07 00:00:00,30,12363,12393
2020-04-08 00:00:00,32,12630,12662
2020-04-09 00:00:00,33,13335,13368
2020-04-10 00:00:00,32,15695,15727
2020-04-11 00:00:00,20,15711,15731
2020-04-12 00:00:00,26,14033,14059
2020-04-13 00:00:00,27,13892,13919
2020-04-14 00:00:00,26,14618,14644
2020-04-15 00:00:00,25,16720,16745
2020-04-16 00:00:00,17,14111,14128
2020-04-17 00:00:00,33,16355,16388
2020-04-18 00:00:00,23,15902,15925
2020-04-19 00:00:00,24,13603,13627
2020-04-20 00:00:00,30,16414,16444
2020-04-21 00:00:00,24,15563,15587
2020-04-22 00:00:00,29,16945,16974
2020-04-23 00:00:00,34,18355,18389
2020-04-24 00:00:00,29,22211,22240
2020-04-25 00:00:00,29,21908,21937
2020-04-26 00:00:00,22,22626,22648
2020-04-27 00:00:00,20,23691,23711
2020-04-28 00:00:00,40,26080,26120
2020-04-29 00:00:00,38,36549,36587
2020-04-30 00:00:00,181,46759,46940
2020-05-01 00:00:00,98,32488,32586
2020-05-02 00:00:00,64,22625,22689
2020-05-03 00:00:00,69,20885,20954
2020-05-04 00:00:00,103,17231,17334
2020-05-05 00:00:00,47,19001,19048
2020-05-06 00:00:00,56,20482,20538
2020-05-07 00:00:00,65,20027,20092
2020-05-08 00:00:00,41,18982,19023
2020-05-09 00:00:00,35,20834,20869
2020-05-10 00:00:00,56,26997,27053
2020-05-11 00:00:00,45,25485,25530
2020-05-12 00:00:00,46,24258,24304
2020-05-13 00:00:00,80,21379,21459
2020-05-14 00:00:00,66,23261,23327
2020-05-15 00:00:00,92,22043,22135
2020-05-16 00:00:00,68,22941,23009
2020-05-17 00:00:00,73,24321,24394
2020-05-18 00:00:00,69,23932,24001
2020-05-19 00:00:00,91,23976,24067
2020-05-20 00:00:00,74,24625,24699
2020-05-21 00:00:00,84,29824,29908
2020-05-22 00:00:00,95,30613,30708
2020-05-23 00:00:00,105,27683,27788
2020-05-24 00:00:00,87,27554,27641
2020-05-25 00:00:00,90,26425,26515
2020-05-26 00:00:00,87,26106,26193
2020-05-27 00:00:00,91,24648,24739
2020-05-28 00:00:00,91,28825,28916
2020-05-29 00:00:00,87,30362,30449
2020-05-30 00:00:00,101,29243,29344
2020-05-31 00:00:00,85,27447,27532
2020-06-01 00:00:00,82,26336,26418
2020-06-02 00:00:00,72,24017,24089
2020-06-03 00:00:00,81,23802,23883
2020-06-04 00:00:00,82,29683,29765
2020-06-05 00:00:00,92,31276,31368
2020-06-06 00:00:00,80,30980,31060
2020-06-07 00:00:00,77,28387,28464
2020-06-08 00:00:00,77,27148,27225
2020-06-09 00:00:00,68,23699,23767
2020-06-10 00:00:00,52,22266,22318
2020-06-11 00:00:00,62,27266,27328
2020-06-12 00:00:00,111,28572,28683
2020-06-13 00:00:00,84,26653,26737
2020-06-14 00:00:00,91,27773,27864
2020-06-15 00:00:00,88,26472,26560
2020-06-16 00:00:00,78,23630,23708
2020-06-17 00:00:00,72,25143,25215
2020-06-18 00:00:00,111,30975,31086
2020-06-19 00:00:00,143,36600,36743
2020-06-20 00:00:00,110,35560,35670
2020-06-21 00:00:00,97,35552,35649
2020-06-22 00:00:00,107,30861,30968
2020-06-23 00:00:00,138,25733,25871
2020-06-24 00:00:00,86,25304,25390
2020-06-25 00:00:00,91,31629,31720
2020-06-26 00:00:00,84,35014,35098
2020-06-27 00:00:00,88,32889,32977
2020-06-28 00:00:00,137,30949,31086
2020-06-29 00:00:00,94,25037,25131
2020-06-30 00:00:00,111,29956,30067
2020-07-01 00:00:00,139,32464,32603
2020-07-02 00:00:00,150,32316,32466
2020-07-03 00:00:00,269,33229,33498
2020-07-04 00:00:00,117,31335,31452
2020-07-05 00:00:00,104,31495,31599
2020-07-06 00:00:00,109,30009,30118
2020-07-07 00:00:00,125,28906,29031
2020-07-08 00:00:00,111,29990,30101
2020-07-09 00:00:00,105,31382,31487
2020-07-10 00:00:00,93,30944,31037
2020-07-11 00:00:00,102,32934,33036
2020-07-12 00:00:00,110,34624,34734
2020-07-13 00:00:00,115,32260,32375
2020-07-14 00:00:00,158,32232,32390
2020-07-15 00:00:00,133,34002,34135
2020-07-16 00:00:00,185,34419,34604
2020-07-17 00:00:00,156,33415,33571
2020-07-18 00:00:00,134,31226,31360
2020-07-19 00:00:00,131,32352,32483
2020-07-20 00:00:00,140,31585,31725
2020-07-21 00:00:00,133,28546,28679
2020-07-22 00:00:00,130,28788,28918
2020-07-23 00:00:00,134,29235,29369
2020-07-24 00:00:00,135,29742,29877
2020-07-25 00:00:00,139,31112,31251
2020-07-26 00:00:00,141,29764,29905
2020-07-27 00:00:00,149,26287,26436
2020-07-28 00:00:00,152,27732,27884
2020-07-29 00:00:00,182,34575,34757
2020-07-30 00:00:00,179,35167,35346
2020-07-31 00:00:00,262,42340,42602
2020-08-01 00:00:00,322,49219,49541
2020-08-02 00:00:00,308,47093,47401
2020-08-03 00:00:00,251,43531,43782
2020-08-04 00:00:00,213,39708,39921
2020-08-05 00:00:00,212,42037,42249
2020-08-06 00:00:00,219,41080,41299
2020-08-07 00:00:00,200,41845,42045
2020-08-08 00:00:00,177,40349,40526
2020-08-09 00:00:00,154,41306,41460
2020-08-10 00:00:00,108,31856,31964
2020-08-11 00:00:00,203,38782,38985
2020-08-12 00:00:00,235,42065,42300
2020-08-13 00:00:00,238,44402,44640
2020-08-14 00:00:00,255,47288,47543
2020-08-15 00:00:00,264,49078,49342
2020-08-16 00:00:00,236,43315,43551
2020-08-17 00:00:00,244,42319,42563
2020-08-18 00:00:00,254,38752,39006
2020-08-19 00:00:00,225,39223,39448
2020-08-20 00:00:00,224,36885,37109
2020-08-21 00:00:00,204,36637,36841
2020-08-22 00:00:00,201,33897,34098
2020-08-23 00:00:00,166,35042,35208
2020-08-24 00:00:00,160,31486,31646
2020-08-25 00:00:00,110,23752,23862
2020-08-26 00:00:00,52,30197,30249
2020-08-27 00:00:00,147,29405,29552
2020-08-28 00:00:00,128,28621,28749
2020-08-29 00:00:00,121,24159,24280
2020-08-30 00:00:00,119,22706,22825
2020-08-31 00:00:00,129,21004,21133
2020-09-01 00:00:00,101,18993,19094
2020-09-02 00:00:00,4,1349,1353
2020-09-03 00:00:00,111,21237,21348
2020-09-04 00:00:00,119,22321,22440
2020-09-05 00:00:00,98,17984,18082
2020-09-06 00:00:00,65,14928,14993
2020-09-07 00:00:00,26,8434,8460
2020-09-08 00:00:00,120,24345,24465
2020-09-09 00:00:00,107,25328,25435
2020-09-10 00:00:00,122,26110,26232
2020-09-11 00:00:00,108,27282,27390
2020-09-12 00:00:00,105,26463,26568
2020-09-13 00:00:00,92,25745,25837
2020-09-14 00:00:00,109,24089,24198
2020-09-15 00:00:00,94,22317,22411
2020-09-16 00:00:00,85,22288,22373
2020-09-17 00:00:00,92,25831,25923
2020-09-18 00:00:00,108,28003,28111
2020-09-19 00:00:00,110,27669,27779
2020-09-20 00:00:00,109,26615,26724
2020-09-21 00:00:00,85,25175,25260
2020-09-22 00:00:00,106,22220,22326
2020-09-23 00:00:00,88,22913,23001
2020-09-24 00:00:00,95,26980,27075
2020-09-25 00:00:00,88,25478,25566
2020-09-26 00:00:00,152,30197,30349
2020-09-27 00:00:00,164,28219,28383
2020-09-28 00:00:00,138,27339,27477
2020-09-29 00:00:00,169,34643,34812
2020-09-30 00:00:00,338,44294,44632
2020-10-01 00:00:00,431,36362,36793
2020-10-02 00:00:00,242,29581,29823
2020-10-03 00:00:00,158,20899,21057
2020-10-04 00:00:00,149,27932,28081
2020-10-05 00:00:00,160,28184,28344
2020-10-06 00:00:00,166,26378,26544
2020-10-07 00:00:00,158,30131,30289
2020-10-08 00:00:00,160,39728,39888
2020-10-09 00:00:00,221,42712,42933
2020-10-10 00:00:00,149,27156,27305
2020-10-11 00:00:00,156,33155,33311
2020-10-12 00:00:00,137,31843,31980
2020-10-13 00:00:00,148,30777,30925
2020-10-14 00:00:00,143,32403,32546
2020-10-15 00:00:00,149,36129,36278
2020-10-16 00:00:00,152,38340,38492
2020-10-17 00:00:00,192,37892,38084
2020-10-18 00:00:00,175,37997,38172
2020-10-19 00:00:00,157,36368,36525
2020-10-20 00:00:00,162,34098,34260
2020-10-21 00:00:00,185,34902,35087
2020-10-22 00:00:00,196,38763,38959
2020-10-23 00:00:00,213,41037,41250
2020-10-24 00:00:00,189,39918,40107
2020-10-25 00:00:00,191,37485,37676
2020-10-26 00:00:00,179,35642,35821
2020-10-27 00:00:00,184,34005,34189
2020-10-28 00:00:00,179,34441,34620
2020-10-29 00:00:00,196,37559,37755
2020-10-30 00:00:00,212,40100,40312
2020-10-31 00:00:00,169,40165,40334
2020-11-01 00:00:00,217,39608,39825
2020-11-02 00:00:00,208,37517,37725
2020-11-03 00:00:00,243,35573,35816
2020-11-04 00:00:00,183,37673,37856
2020-11-05 00:00:00,175,41520,41695
2020-11-06 00:00:00,232,42980,43212
2020-11-07 00:00:00,206,43192,43398
2020-11-08 00:00:00,189,42441,42630
2020-11-09 00:00:00,190,40200,40390
2020-11-10 00:00:00,159,37440,37599
2020-11-11 00:00:00,162,40545,40707
2020-11-12 00:00:00,179,43500,43679
2020-11-13 00:00:00,179,45373,45552
2020-11-14 00:00:00,208,43554,43762
2020-11-15 00:00:00,228,43491,43719
2020-11-16 00:00:00,198,40613,40811
2020-11-17 00:00:00,159,36406,36565
2020-11-18 00:00:00,173,37427,37600
2020-11-19 00:00:00,161,39446,39607
2020-11-20 00:00:00,189,41833,42022
2020-11-21 00:00:00,214,39635,39849
2020-11-22 00:00:00,167,38172,38339
2020-11-23 00:00:00,143,36379,36522
2020-11-24 00:00:00,138,32443,32581
2020-11-25 00:00:00,163,33088,33251
2020-11-26 00:00:00,163,34303,34466
2020-11-27 00:00:00,130,31434,31564
2020-11-28 00:00:00,148,28094,28242
2020-11-29 00:00:00,130,26762,26892
2020-11-30 00:00:00,106,24613,24719
2020-12-01 00:00:00,114,23514,23628
2020-12-02 00:00:00,102,22724,22826
2020-12-03 00:00:00,113,25526,25639
2020-12-04 00:00:00,120,26936,27056
2020-12-05 00:00:00,104,25885,25989
2020-12-06 00:00:00,101,25489,25590
2020-12-07 00:00:00,95,23576,23671
2020-12-08 00:00:00,129,21307,21436
2020-12-09 00:00:00,113,21170,21283
2020-12-10 00:00:00,125,24441,24566
2020-12-11 00:00:00,98,26667,26765
2020-12-12 00:00:00,86,24373,24459
2020-12-13 00:00:00,99,23819,23918
2020-12-14 00:00:00,92,22253,22345
2020-12-15 00:00:00,86,19425,19511
2020-12-16 00:00:00,107,19691,19798
2020-12-17 00:00:00,101,21285,21386
2020-12-18 00:00:00,79,18321,18400
2020-12-19 00:00:00,81,16876,16957
2020-12-20 00:00:00,68,16688,16756
2020-12-21 00:00:00,73,16539,16612
2020-12-22 00:00:00,74,14828,14902
2020-12-23 00:00:00,82,17382,17464
2020-12-24 00:00:00,73,21935,22008
2020-12-25 00:00:00,75,18996,19071
2020-12-26 00:00:00,82,11349,11431
2020-12-27 00:00:00,69,14043,14112
2020-12-28 00:00:00,64,14137,14201
2020-12-29 00:00:00,76,13646,13722
2020-12-30 00:00:00,6,11706,11712
2020-12-31 00:00:00,116,21308,21424
2021-01-01 00:00:00,95,15261,15356
2021-01-02 00:00:00,75,9412,9487
2021-01-03 00:00:00,70,12135,12205
2021-01-04 00:00:00,61,11833,11894
2021-01-05 00:00:00,65,10939,11004
2021-01-06 00:00:00,59,11150,11209
2021-01-07 00:00:00,44,2866,2910
2021-01-08 00:00:00,19,485,504
2021-01-09 00:00:00,69,11466,11535
2021-01-10 00:00:00,69,12117,12186
2021-01-11 00:00:00,65,12845,12910
2021-01-12 00:00:00,59,13418,13477
2021-01-13 00:00:00,74,14249,14323
2021-01-14 00:00:00,76,15422,15498
2021-01-15 00:00:00,91,17894,17985
2021-01-16 00:00:00,81,16580,16661
2021-01-17 00:00:00,71,17980,18051
2021-01-18 00:00:00,68,16120,16188
2021-01-19 00:00:00,81,15747,15828
2021-01-20 00:00:00,92,15981,16073
2021-01-21 00:00:00,73,16565,16638
2021-01-22 00:00:00,94,19863,19957
2021-01-23 00:00:00,82,18582,18664
2021-01-24 00:00:00,94,20079,20173
2021-01-25 00:00:00,89,18377,18466
2021-01-26 00:00:00,95,17840,17935
2021-01-27 00:00:00,81,18641,18722
2021-01-28 00:00:00,98,16792,16890
2021-01-29 00:00:00,88,23433,23521
2021-01-30 00:00:00,80,22493,22573
2021-01-31 00:00:00,86,20858,20944
2021-02-01 00:00:00,88,20142,20230
2021-02-02 00:00:00,81,19416,19497
2021-02-03 00:00:00,84,19678,19762
2021-02-04 00:00:00,81,21127,21208
2021-02-05 00:00:00,103,24924,25027
2021-02-06 00:00:00,98,23668,23766
2021-02-07 00:00:00,83,22789,22872
2021-02-08 00:00:00,90,20742,20832
2021-02-09 00:00:00,95,22084,22179
2021-02-10 00:00:00,139,31350,31489
2021-02-11 00:00:00,193,36133,36326
2021-02-12 00:00:00,108,28028,28136
2021-02-13 00:00:00,105,25030,25135
2021-02-14 00:00:00,144,31902,32046
2021-02-15 00:00:00,139,29557,29696
2021-02-16 00:00:00,121,25881,26002
2021-02-17 00:00:00,112,23148,23260
2021-02-18 00:00:00,99,27684,27783
2021-02-19 00:00:00,111,32021,32132
2021-02-20 00:00:00,88,30600,30688
2021-02-21 00:00:00,115,32691,32806
2021-02-22 00:00:00,99,30095,30194
2021-02-23 00:00:00,98,28345,28443
2021-02-24 00:00:00,99,28537,28636
2021-02-25 00:00:00,98,28931,29029
2021-02-26 00:00:00,136,33498,33634
2021-02-27 00:00:00,129,36001,36130
2021-02-28 00:00:00,118,26314,26432
2021-03-01 00:00:00,105,22212,22317
2021-03-02 00:00:00,107,22807,22914
2021-03-03 00:00:00,112,20917,21029
2021-03-04 00:00:00,84,22033,22117
2021-03-05 00:00:00,94,27602,27696
2021-03-06 00:00:00,92,26514,26606
2021-03-07 00:00:00,104,26198,26302
2021-03-08 00:00:00,96,26207,26303
2021-03-09 00:00:00,102,23192,23294
2021-03-10 00:00:00,109,23541,23650
2021-03-11 00:00:00,113,26907,27020
2021-03-12 00:00:00,141,32140,32281
2021-03-13 00:00:00,112,30758,30870
2021-03-14 00:00:00,95,29591,29686
2021-03-15 00:00:00,108,27458,27566
2021-03-16 00:00:00,92,24789,24881
2021-03-17 00:00:00,103,24739,24842
2021-03-18 00:00:00,110,29240,29350
2021-03-19 00:00:00,97,34578,34675
2021-03-20 00:00:00,141,32550,32691
2021-03-21 00:00:00,123,33747,33870
2021-03-22 00:00:00,108,31903,32011
2021-03-23 00:00:00,124,30393,30517
2021-03-24 00:00:00,110,30959,31069
2021-03-25 00:00:00,169,35451,35620
2021-03-26 00:00:00,166,35649,35815
2021-03-27 00:00:00,223,33460,33683
2021-03-28 00:00:00,201,31626,31827
2021-03-29 00:00:00,190,29342,29532
2021-03-30 00:00:00,178,26144,26322
2021-03-31 00:00:00,145,28238,28383
2021-04-01 00:00:00,152,35360,35512
2021-04-02 00:00:00,146,34275,34421
2021-04-03 00:00:00,131,31898,32029
2021-04-04 00:00:00,146,33643,33789
2021-04-05 00:00:00,141,34347,34488
2021-04-06 00:00:00,143,32349,32492
2021-04-07 00:00:00,146,34294,34440
2021-04-08 00:00:00,171,38739,38910
2021-04-09 00:00:00,133,39779,39912
2021-04-10 00:00:00,125,37265,37390
2021-04-11 00:00:00,127,33892,34019
2021-04-12 00:00:00,110,29381,29491
2021-04-13 00:00:00,112,32257,32369
2021-04-14 00:00:00,121,34799,34920
2021-04-15 00:00:00,136,39711,39847
2021-04-16 00:00:00,121,39932,40053
2021-04-17 00:00:00,125,37971,38096
2021-04-18 00:00:00,107,36475,36582
2021-04-19 00:00:00,137,35643,35780
2021-04-20 00:00:00,126,31918,32044
2021-04-21 00:00:00,106,32589,32695
2021-04-22 00:00:00,126,38559,38685
2021-04-23 00:00:00,130,39254,39384
2021-04-24 00:00:00,121,38004,38125
2021-04-25 00:00:00,131,37256,37387
2021-04-26 00:00:00,131,35140,35271
2021-04-27 00:00:00,107,30724,30831
2021-04-28 00:00:00,113,31803,31916
2021-04-29 00:00:00,120,37535,37655
2021-04-30 00:00:00,110,41239,41349
2021-05-01 00:00:00,152,43943,44095
2021-05-02 00:00:00,138,37868,38006
2021-05-03 00:00:00,90,30320,30410
2021-05-04 00:00:00,82,23754,23836
2021-05-05 00:00:00,167,45427,45594
2021-05-06 00:00:00,133,36799,36932
2021-05-07 00:00:00,114,34053,34167
2021-05-08 00:00:00,107,32012,32119
2021-05-09 00:00:00,104,38055,38159
2021-05-10 00:00:00,117,36669,36786
2021-05-11 00:00:00,88,32603,32691
2021-05-12 00:00:00,92,32981,33073
2021-05-13 00:00:00,110,38894,39004
2021-05-14 00:00:00,139,38845,38984
2021-05-15 00:00:00,126,39059,39185
2021-05-16 00:00:00,103,34449,34552
2021-05-17 00:00:00,91,31917,32008
2021-05-18 00:00:00,95,35756,35851
2021-05-19 00:00:00,95,40005,40100
2021-05-20 00:00:00,99,34433,34532
2021-05-21 00:00:00,120,37514,37634
2021-05-22 00:00:00,111,37230,37341
2021-05-23 00:00:00,120,37746,37866
2021-05-24 00:00:00,102,36699,36801
2021-05-25 00:00:00,113,32564,32677
2021-05-26 00:00:00,127,33265,33392
2021-05-27 00:00:00,135,39383,39518
2021-05-28 00:00:00,157,40670,40827
2021-05-29 00:00:00,199,38647,38846
2021-05-30 00:00:00,126,34574,34700
2021-05-31 00:00:00,218,31901,32119
2021-06-01 00:00:00,103,32382,32485
2021-06-02 00:00:00,113,31621,31734
2021-06-03 00:00:00,142,37803,37945
2021-06-04 00:00:00,126,40691,40817
2021-06-05 00:00:00,161,39451,39612
2021-06-06 00:00:00,137,37273,37410
2021-06-07 00:00:00,141,34688,34829
2021-06-08 00:00:00,142,30079,30221
2021-06-09 00:00:00,134,30443,30577
2021-06-10 00:00:00,128,36099,36227
2021-06-11 00:00:00,167,39811,39978
2021-06-12 00:00:00,121,39430,39551
2021-06-13 00:00:00,158,37426,37584
2021-06-14 00:00:00,166,35733,35899
2021-06-15 00:00:00,161,30986,31147
2021-06-16 00:00:00,146,33696,33842
2021-06-17 00:00:00,150,40536,40686
2021-06-18 00:00:00,206,41288,41494
2021-06-19 00:00:00,192,40930,41122
2021-06-20 00:00:00,152,41335,41487
2021-06-21 00:00:00,194,41480,41674
2021-06-22 00:00:00,149,37516,37665
2021-06-23 00:00:00,177,37403,37580
2021-06-24 00:00:00,174,42045,42219
2021-06-25 00:00:00,176,42361,42537
2021-06-26 00:00:00,172,40340,40512
2021-06-27 00:00:00,151,41515,41666
2021-06-28 00:00:00,144,39416,39560
2021-06-29 00:00:00,156,33484,33640
2021-06-30 00:00:00,152,35229,35381
2021-07-01 00:00:00,147,38173,38320
2021-07-02 00:00:00,211,36610,36821
2021-07-03 00:00:00,227,32820,33047
2021-07-04 00:00:00,132,35316,35448
2021-07-05 00:00:00,185,35007,35192
2021-07-06 00:00:00,123,30908,31031
2021-07-07 00:00:00,138,32874,33012
2021-07-08 00:00:00,137,33803,33940
2021-07-09 00:00:00,159,33979,34138
2021-07-10 00:00:00,126,36095,36221
2021-07-11 00:00:00,157,37388,37545
2021-07-12 00:00:00,160,36425,36585
2021-07-13 00:00:00,139,33211,33350
2021-07-14 00:00:00,119,34916,35035
2021-07-15 00:00:00,135,36690,36825
2021-07-16 00:00:00,157,37530,37687
2021-07-17 00:00:00,138,38020,38158
2021-07-18 00:00:00,129,36447,36576
2021-07-19 00:00:00,128,35579,35707
2021-07-20 00:00:00,181,33834,34015
2021-07-21 00:00:00,135,35817,35952
2021-07-22 00:00:00,129,35562,35691
2021-07-23 00:00:00,112,35032,35144
2021-07-24 00:00:00,125,37438,37563
2021-07-25 00:00:00,144,34392,34536
2021-07-26 00:00:00,140,33980,34120
2021-07-27 00:00:00,139,32429,32568
2021-07-28 00:00:00,172,37568,37740
2021-07-29 00:00:00,144,38927,39071
2021-07-30 00:00:00,167,42616,42783
2021-07-31 00:00:00,181,46728,46909
2021-08-01 00:00:00,245,44137,44382
2021-08-02 00:00:00,199,38372,38571
2021-08-03 00:00:00,211,34699,34910
2021-08-04 00:00:00,221,37566,37787
2021-08-05 00:00:00,182,35681,35863
2021-08-06 00:00:00,150,35895,36045
2021-08-07 00:00:00,143,35594,35737
2021-08-08 00:00:00,125,36029,36154
2021-08-09 00:00:00,152,33003,33155
2021-08-10 00:00:00,138,30086,30224
2021-08-11 00:00:00,151,34355,34506
2021-08-12 00:00:00,131,34798,34929
2021-08-13 00:00:00,128,39083,39211
2021-08-14 00:00:00,162,42083,42245
2021-08-15 00:00:00,142,34645,34787
2021-08-16 00:00:00,116,33086,33202
2021-08-17 00:00:00,131,28135,28266
2021-08-18 00:00:00,135,27032,27167
2021-08-19 00:00:00,141,26510,26651
2021-08-20 00:00:00,144,27721,27865
2021-08-21 00:00:00,123,25248,25371
2021-08-22 00:00:00,154,28674,28828
2021-08-23 00:00:00,49,20204,20253
2021-08-24 00:00:00,73,21369,21442
2021-08-25 00:00:00,121,25924,26045
2021-08-26 00:00:00,141,28443,28584
2021-08-27 00:00:00,133,31231,31364
2021-08-28 00:00:00,123,31947,32070
2021-08-29 00:00:00,122,30910,31032
2021-08-30 00:00:00,100,26901,27001
2021-08-31 00:00:00,90,22716,22806
2021-09-01 00:00:00,141,26959,27100
2021-09-02 00:00:00,114,25360,25474
2021-09-03 00:00:00,163,29645,29808
2021-09-04 00:00:00,188,29543,29731
2021-09-05 00:00:00,135,27548,27683
2021-09-06 00:00:00,25194,25321,50515
2021-09-07 00:00:00,114,21623,21737
2021-09-08 00:00:00,132,25306,25438
2021-09-09 00:00:00,124,26835,26959
2021-09-10 00:00:00,118,30609,30727
2021-09-11 00:00:00,116,29357,29473
2021-09-12 00:00:00,122,26912,27034
2021-09-13 00:00:00,110,20095,20205
2021-09-14 00:00:00,94,14262,14356
2021-09-15 00:00:00,158,16663,16821
2021-09-16 00:00:00,109,21138,21247
2021-09-17 00:00:00,205,36416,36621
2021-09-18 00:00:00,418,50400,50818
2021-09-19 00:00:00,671,47875,48546
2021-09-20 00:00:00,241,36648,36889
2021-09-21 00:00:00,172,33233,33405
2021-09-22 00:00:00,138,44463,44601
2021-09-23 00:00:00,197,36853,37050
2021-09-24 00:00:00,154,34185,34339
2021-09-25 00:00:00,128,32402,32530
2021-09-26 00:00:00,130,34005,34135
2021-09-27 00:00:00,121,32137,32258
2021-09-28 00:00:00,113,25808,25921
2021-09-29 00:00:00,116,26208,26324
2021-09-30 00:00:00,156,35472,35628
2021-10-01 00:00:00,141,42657,42798
2021-10-02 00:00:00,136,44674,44810
2021-10-03 00:00:00,101,33944,34045
2021-10-04 00:00:00,109,34223,34332
2021-10-05 00:00:00,112,30218,30330
2021-10-06 00:00:00,128,30174,30302
2021-10-07 00:00:00,120,36924,37044
2021-10-08 00:00:00,136,43451,43587
2021-10-09 00:00:00,152,47173,47325
2021-10-10 00:00:00,99,36866,36965
2021-10-11 00:00:00,115,37275,37390
2021-10-12 00:00:00,138,32050,32188
2021-10-13 00:00:00,116,32443,32559
2021-10-14 00:00:00,125,37139,37264
2021-10-15 00:00:00,135,39255,39390
2021-10-16 00:00:00,113,37251,37364
2021-10-17 00:00:00,127,39222,39349
2021-10-18 00:00:00,132,37129,37261
2021-10-19 00:00:00,123,32714,32837
2021-10-20 00:00:00,119,36433,36552
2021-10-21 00:00:00,107,39757,39864
2021-10-22 00:00:00,150,40541,40691
2021-10-23 00:00:00,125,39316,39441
2021-10-24 00:00:00,130,39499,39629
2021-10-25 00:00:00,123,38775,38898
2021-10-26 00:00:00,134,35588,35722
2021-10-27 00:00:00,129,36155,36284
2021-10-28 00:00:00,149,39535,39684
2021-10-29 00:00:00,132,40412,40544
2021-10-30 00:00:00,135,40371,40506
2021-10-31 00:00:00,148,36854,37002
2021-11-01 00:00:00,130,40270,40400
2021-11-02 00:00:00,224,37107,37331
2021-11-03 00:00:00,132,39987,40119
2021-11-04 00:00:00,126,42110,42236
2021-11-05 00:00:00,135,41922,42057
2021-11-06 00:00:00,138,40951,41089
2021-11-07 00:00:00,122,39752,39874
2021-11-08 00:00:00,111,39123,39234
2021-11-09 00:00:00,102,36402,36504
2021-11-10 00:00:00,143,39272,39415
2021-11-11 00:00:00,131,42242,42373
2021-11-12 00:00:00,157,43039,43196
2021-11-13 00:00:00,150,44577,44727
2021-11-14 00:00:00,143,42822,42965
2021-11-15 00:00:00,146,42864,43010
2021-11-16 00:00:00,154,39823,39977
2021-11-17 00:00:00,141,42146,42287
2021-11-18 00:00:00,164,41743,41907
2021-11-19 00:00:00,145,43893,44038
2021-11-20 00:00:00,155,41164,41319
2021-11-21 00:00:00,146,39154,39300
2021-11-22 00:00:00,136,38903,39039
2021-11-23 00:00:00,178,35785,35963
2021-11-24 00:00:00,135,39445,39580
2021-11-25 00:00:00,157,41903,42060
2021-11-26 00:00:00,160,42128,42288
2021-11-27 00:00:00,157,40173,40330
2021-11-28 00:00:00,124,38386,38510
2021-11-29 00:00:00,133,36697,36830
2021-11-30 00:00:00,104,29901,30005
2021-12-01 00:00:00,128,37517,37645
2021-12-02 00:00:00,136,39436,39572
2021-12-03 00:00:00,130,39426,39556
2021-12-04 00:00:00,119,37469,37588
2021-12-05 00:00:00,113,36960,37073
2021-12-06 00:00:00,109,37225,37334
2021-12-07 00:00:00,149,32458,32607
2021-12-08 00:00:00,127,32524,32651
2021-12-09 00:00:00,116,35947,36063
2021-12-10 00:00:00,125,36603,36728
2021-12-11 00:00:00,118,35524,35642
2021-12-12 00:00:00,125,34940,35065
2021-12-13 00:00:00,115,34313,34428
2021-12-14 00:00:00,98,30138,30236
2021-12-15 00:00:00,107,30195,30302
2021-12-16 00:00:00,94,34504,34598
2021-12-17 00:00:00,103,34412,34515
2021-12-18 00:00:00,105,32928,33033
2021-12-19 00:00:00,102,33343,33445
2021-12-20 00:00:00,118,32442,32560
2021-12-21 00:00:00,121,28715,28836
2021-12-22 00:00:00,105,30042,30147
2021-12-23 00:00:00,127,32361,32488
2021-12-24 00:00:00,123,34767,34890
2021-12-25 00:00:00,108,32118,32226
2021-12-26 00:00:00,119,35600,35719
2021-12-27 00:00:00,143,39472,39615
2021-12-28 00:00:00,143,36086,36229
2021-12-29 00:00:00,138,38874,39012
2021-12-30 00:00:00,122,41023,41145
2021-12-31 00:00:00,119,41492,41611
2022-01-01 00:00:00,115,29409,29524
2022-01-02 00:00:00,113,32680,32793
2022-01-03 00:00:00,132,34836,34968
2022-01-04 00:00:00,124,33253,33377
2022-01-05 00:00:00,128,34332,34460
2022-01-06 00:00:00,146,37464,37610
2022-01-07 00:00:00,124,37646,37770
2022-01-08 00:00:00,119,37912,38031
2022-01-09 00:00:00,104,39715,39819
2022-01-10 00:00:00,142,40834,40976
2022-01-11 00:00:00,132,36681,36813
2022-01-12 00:00:00,132,37302,37434
2022-01-13 00:00:00,131,39143,39274
2022-01-14 00:00:00,125,40329,40454
2022-01-15 00:00:00,118,38654,38772
2022-01-16 00:00:00,126,38985,39111
2022-01-17 00:00:00,139,40074,40213
2022-01-18 00:00:00,134,36731,36865
2022-01-19 00:00:00,117,35550,35667
2022-01-20 00:00:00,123,38630,38753
2022-01-21 00:00:00,114,37475,37589
2022-01-22 00:00:00,109,35531,35640
2022-01-23 00:00:00,117,36336,36453
2022-01-24 00:00:00,112,36127,36239
2022-01-25 00:00:00,113,32449,32562
2022-01-26 00:00:00,109,32387,32496
2022-01-27 00:00:00,118,36430,36548
2022-01-28 00:00:00,125,40278,40403
2022-01-29 00:00:00,151,47711,47862
2022-01-30 00:00:00,173,44231,44404
2022-01-31 00:00:00,136,33073,33209
2022-02-01 00:00:00,112,35153,35265
2022-02-02 00:00:00,132,42565,42697
2022-02-03 00:00:00,121,39142,39263
2022-02-04 00:00:00,125,35073,35198
2022-02-05 00:00:00,108,32388,32496
2022-02-06 00:00:00,115,37157,37272
2022-02-07 00:00:00,111,38279,38390
2022-02-08 00:00:00,108,35632,35740
2022-02-09 00:00:00,113,35837,35950
2022-02-10 00:00:00,106,37951,38057
2022-02-11 00:00:00,100,38625,38725
2022-02-12 00:00:00,106,37388,37494
2022-02-13 00:00:00,101,39275,39376
2022-02-14 00:00:00,106,39819,39925
2022-02-15 00:00:00,112,37643,37755
2022-02-16 00:00:00,115,38307,38422
2022-02-17 00:00:00,129,40420,40549
2022-02-18 00:00:00,124,39169,39293
2022-02-19 00:00:00,101,37886,37987
2022-02-20 00:00:00,94,38309,38403
2022-02-21 00:00:00,111,38792,38903
2022-02-22 00:00:00,117,36505,36622
2022-02-23 00:00:00,103,37098,37201
2022-02-24 00:00:00,108,39379,39487
2022-02-25 00:00:00,122,40961,41083
2022-02-26 00:00:00,131,43609,43740
2022-02-27 00:00:00,120,33707,33827
2022-02-28 00:00:00,97,25784,25881
2022-03-01 00:00:00,88,23543,23631
2022-03-02 00:00:00,77,24029,24106
2022-03-03 00:00:00,86,23351,23437
2022-03-04 00:00:00,95,29775,29870
2022-03-05 00:00:00,92,28461,28553
2022-03-06 00:00:00,94,27403,27497
2022-03-07 00:00:00,85,23213,23298
2022-03-08 00:00:00,104,24304,24408
2022-03-09 00:00:00,96,28550,28646
2022-03-10 00:00:00,123,24739,24862
2022-03-11 00:00:00,111,30829,30940
2022-03-12 00:00:00,101,27124,27225
2022-03-13 00:00:00,86,27292,27378
2022-03-14 00:00:00,109,28455,28564
2022-03-15 00:00:00,95,24995,25090
2022-03-16 00:00:00,98,24817,24915
2022-03-17 00:00:00,111,28126,28237
2022-03-18 00:00:00,105,33352,33457
2022-03-19 00:00:00,102,29504,29606
2022-03-20 00:00:00,103,31063,31166
2022-03-21 00:00:00,113,29597,29710
2022-03-22 00:00:00,106,27347,27453
2022-03-23 00:00:00,115,29421,29536
2022-03-24 00:00:00,121,33200,33321
2022-03-25 00:00:00,71,18957,19028
2022-03-26 00:00:00,145,40196,40341
2022-03-27 00:00:00,137,33895,34032
2022-03-28 00:00:00,120,32741,32861
2022-03-29 00:00:00,128,25935,26063
2022-03-30 00:00:00,114,26157,26271
2022-03-31 00:00:00,127,34361,34488
2022-04-01 00:00:00,133,38534,38667
2022-04-02 00:00:00,128,36680,36808
2022-04-03 00:00:00,105,36637,36742
2022-04-04 00:00:00,109,34380,34489
2022-04-05 00:00:00,109,31624,31733
2022-04-06 00:00:00,112,34167,34279
2022-04-07 00:00:00,131,38747,38878
2022-04-08 00:00:00,127,40707,40834
2022-04-09 00:00:00,134,37856,37990
2022-04-10 00:00:00,120,38044,38164
2022-04-11 00:00:00,103,35705,35808
2022-04-12 00:00:00,111,32884,32995
2022-04-13 00:00:00,137,34518,34655
2022-04-14 00:00:00,138,39366,39504
2022-04-15 00:00:00,148,40919,41067
2022-04-16 00:00:00,128,39317,39445
2022-04-17 00:00:00,129,40083,40212
2022-04-18 00:00:00,124,40533,40657
2022-04-19 00:00:00,116,35695,35811
2022-04-20 00:00:00,129,38831,38960
2022-04-21 00:00:00,120,40879,40999
2022-04-22 00:00:00,134,42661,42795
2022-04-23 00:00:00,122,40611,40733
2022-04-24 00:00:00,125,39867,39992
2022-04-25 00:00:00,127,37776,37903
2022-04-26 00:00:00,110,36027,36137
2022-04-27 00:00:00,117,38630,38747
2022-04-28 00:00:00,122,41326,41448
2022-04-29 00:00:00,120,40850,40970
2022-04-30 00:00:00,119,39868,39987
2022-05-01 00:00:00,136,39511,39647
2022-05-02 00:00:00,141,38154,38295
2022-05-03 00:00:00,123,38033,38156
2022-05-04 00:00:00,132,43756,43888
2022-05-05 00:00:00,191,47728,47919
2022-05-06 00:00:00,125,35324,35449
2022-05-07 00:00:00,142,32301,32443
2022-05-08 00:00:00,116,38348,38464
2022-05-09 00:00:00,127,41484,41611
2022-05-10 00:00:00,142,37986,38128
2022-05-11 00:00:00,159,40854,41013
2022-05-12 00:00:00,162,43482,43644
2022-05-13 00:00:00,131,44580,44711
2022-05-14 00:00:00,148,43623,43771
2022-05-15 00:00:00,106,43123,43229
2022-05-16 00:00:00,161,42850,43011
2022-05-17 00:00:00,146,40359,40505
2022-05-18 00:00:00,163,41805,41968
2022-05-19 00:00:00,179,44330,44509
2022-05-20 00:00:00,162,45436,45598
2022-05-21 00:00:00,140,44399,44539
2022-05-22 00:00:00,148,43541,43689
2022-05-23 00:00:00,163,44008,44171
2022-05-24 00:00:00,141,40554,40695
2022-05-25 00:00:00,158,42038,42196
2022-05-26 00:00:00,166,44112,44278
2022-05-27 00:00:00,155,45401,45556
2022-05-28 00:00:00,158,46947,47105
2022-05-29 00:00:00,150,44521,44671
2022-05-30 00:00:00,157,41840,41997
2022-05-31 00:00:00,146,41616,41762
2022-06-01 00:00:00,152,46508,46660
2022-06-02 00:00:00,167,42635,42802
2022-06-03 00:00:00,332,45180,45512
2022-06-04 00:00:00,123,49251,49374
2022-06-05 00:00:00,174,39927,40101
2022-06-06 00:00:00,158,40681,40839
2022-06-07 00:00:00,163,42417,42580
2022-06-08 00:00:00,165,41259,41424
2022-06-09 00:00:00,150,42965,43115
2022-06-10 00:00:00,157,43764,43921
2022-06-11 00:00:00,160,44545,44705
2022-06-12 00:00:00,115,43773,43888
2022-06-13 00:00:00,150,43989,44139
2022-06-14 00:00:00,161,41073,41234
2022-06-15 00:00:00,341,42083,42424
2022-06-16 00:00:00,157,44060,44217
2022-06-17 00:00:00,328,43717,44045
2022-06-18 00:00:00,153,43130,43283
2022-06-19 00:00:00,239,42574,42813
2022-06-20 00:00:00,155,42475,42630
2022-06-21 00:00:00,180,39262,39442
2022-06-22 00:00:00,405,41114,41519
2022-06-23 00:00:00,167,42113,42280
2022-06-24 00:00:00,253,41790,42043
2022-06-25 00:00:00,154,40109,40263
2022-06-26 00:00:00,272,41210,41482
2022-06-27 00:00:00,259,40565,40824
2022-06-28 00:00:00,135,34671,34806
2022-06-29 00:00:00,200,35760,35960
2022-06-30 00:00:00,197,39479,39676
2022-07-01 00:00:00,221,39994,40215
2022-07-02 00:00:00,166,35546,35712
2022-07-03 00:00:00,194,35465,35659
2022-07-04 00:00:00,218,36085,36303
2022-07-05 00:00:00,133,32057,32190
2022-07-06 00:00:00,249,37096,37345
2022-07-07 00:00:00,145,38116,38261
2022-07-08 00:00:00,253,38770,39023
2022-07-09 00:00:00,275,37587,37862
2022-07-10 00:00:00,308,38828,39136
2022-07-11 00:00:00,164,39138,39302
2022-07-12 00:00:00,127,35514,35641
2022-07-13 00:00:00,246,37661,37907
2022-07-14 00:00:00,319,37577,37896
2022-07-15 00:00:00,200,37827,38027
2022-07-16 00:00:00,128,37600,37728
2022-07-17 00:00:00,206,37651,37857
2022-07-18 00:00:00,174,38811,38985
2022-07-19 00:00:00,163,38406,38569
2022-07-20 00:00:00,329,42130,42459
2022-07-21 00:00:00,151,43188,43339
2022-07-22 00:00:00,166,42564,42730
2022-07-23 00:00:00,108,42596,42704
2022-07-24 00:00:00,298,43090,43388
2022-07-25 00:00:00,172,42244,42416
2022-07-26 00:00:00,154,41355,41509
2022-07-27 00:00:00,202,44052,44254
2022-07-28 00:00:00,130,44177,44307
2022-07-29 00:00:00,261,46246,46507
2022-07-30 00:00:00,169,48347,48516
2022-07-31 00:00:00,265,46558,46823
2022-08-01 00:00:00,143,47280,47423
2022-08-02 00:00:00,372,42170,42542
2022-08-03 00:00:00,328,44649,44977
2022-08-04 00:00:00,269,42976,43245
2022-08-05 00:00:00,393,41263,41656
2022-08-06 00:00:00,184,41880,42064
2022-08-07 00:00:00,285,42341,42626
2022-08-08 00:00:00,165,41877,42042
2022-08-09 00:00:00,251,39273,39524
2022-08-10 00:00:00,260,42605,42865
2022-08-11 00:00:00,313,44934,45247
2022-08-12 00:00:00,319,46587,46906
2022-08-13 00:00:00,143,49429,49572
2022-08-14 00:00:00,244,44249,44493
2022-08-15 00:00:00,166,41663,41829
2022-08-16 00:00:00,137,39426,39563
2022-08-17 00:00:00,266,37222,37488
2022-08-18 00:00:00,198,37876,38074
2022-08-19 00:00:00,303,39220,39523
2022-08-20 00:00:00,173,39425,39598
2022-08-21 00:00:00,193,40267,40460
2022-08-22 00:00:00,201,41992,42193
2022-08-23 00:00:00,151,39156,39307
2022-08-24 00:00:00,262,38286,38548
2022-08-25 00:00:00,232,39528,39760
2022-08-26 00:00:00,427,40863,41290
2022-08-27 00:00:00,179,41585,41764
2022-08-28 00:00:00,232,40760,40992
2022-08-29 00:00:00,189,39251,39440
2022-08-30 00:00:00,138,30932,31070
2022-08-31 00:00:00,259,33294,33553
2022-09-01 00:00:00,229,34809,35038
2022-09-02 00:00:00,259,24734,24993
2022-09-03 00:00:00,103,16219,16322
2022-09-04 00:00:00,178,14236,14414
2022-09-05 00:00:00,31,2106,2137
2022-09-06 00:00:00,51,12252,12303
2022-09-07 00:00:00,259,39343,39602
2022-09-08 00:00:00,280,47151,47431
2022-09-09 00:00:00,762,51145,51907
2022-09-10 00:00:00,342,42519,42861
2022-09-11 00:00:00,236,38807,39043
2022-09-12 00:00:00,150,41072,41222
2022-09-13 00:00:00,169,34632,34801
2022-09-14 00:00:00,294,34155,34449
2022-09-15 00:00:00,192,35579,35771
2022-09-16 00:00:00,343,37626,37969
2022-09-17 00:00:00,188,36081,36269
2022-09-18 00:00:00,279,35608,35887
2022-09-19 00:00:00,112,36797,36909
2022-09-20 00:00:00,145,39331,39476
2022-09-21 00:00:00,318,40282,40600
2022-09-22 00:00:00,277,43862,44139
2022-09-23 00:00:00,519,44473,44992
2022-09-24 00:00:00,163,43380,43543
2022-09-25 00:00:00,328,43795,44123
2022-09-26 00:00:00,298,43786,44084
2022-09-27 00:00:00,180,40045,40225
2022-09-28 00:00:00,329,41877,42206
2022-09-29 00:00:00,384,43182,43566
2022-09-30 00:00:00,513,48384,48897
2022-10-01 00:00:00,201,48474,48675
2022-10-02 00:00:00,309,39626,39935
2022-10-03 00:00:00,244,38059,38303
2022-10-04 00:00:00,183,35981,36164
2022-10-05 00:00:00,368,37621,37989
2022-10-06 00:00:00,190,41790,41980
2022-10-07 00:00:00,535,44983,45518
2022-10-08 00:00:00,174,47455,47629
2022-10-09 00:00:00,291,42229,42520
2022-10-10 00:00:00,283,42254,42537
2022-10-11 00:00:00,215,39580,39795
2022-10-12 00:00:00,335,39478,39813
2022-10-13 00:00:00,313,40625,40938
2022-10-14 00:00:00,488,43051,43539
2022-10-15 00:00:00,163,43054,43217
2022-10-16 00:00:00,398,41920,42318
2022-10-17 00:00:00,269,42441,42710
2022-10-18 00:00:00,223,41400,41623
2022-10-19 00:00:00,411,41618,42029
2022-10-20 00:00:00,294,41967,42261
2022-10-21 00:00:00,432,43449,43881
2022-10-22 00:00:00,226,42448,42674
2022-10-23 00:00:00,460,40480,40940
2022-10-24 00:00:00,341,41621,41962
2022-10-25 00:00:00,186,40143,40329
2022-10-26 00:00:00,337,39935,40272
2022-10-27 00:00:00,354,41486,41840
2022-10-28 00:00:00,456,41434,41890
2022-10-29 00:00:00,167,39306,39473
2022-10-30 00:00:00,463,36225,36688
2022-10-31 00:00:00,464,36919,37383
2022-11-01 00:00:00,181,38833,39014
2022-11-02 00:00:00,404,39294,39698
2022-11-03 00:00:00,338,41259,41597
2022-11-04 00:00:00,588,41531,42119
2022-11-05 00:00:00,539,41884,42423
2022-11-06 00:00:00,428,40481,40909
2022-11-07 00:00:00,414,40937,41351
2022-11-08 00:00:00,301,36947,37248
2022-11-09 00:00:00,467,40153,40620
2022-11-10 00:00:00,592,40630,41222
2022-11-11 00:00:00,475,40246,40721
2022-11-12 00:00:00,535,39485,40020
2022-11-13 00:00:00,431,38559,38990
2022-11-14 00:00:00,495,38397,38892
2022-11-15 00:00:00,436,35441,35877
2022-11-16 00:00:00,541,38988,39529
2022-11-17 00:00:00,348,39899,40247
2022-11-18 00:00:00,530,41593,42123
2022-11-19 00:00:00,594,38800,39394
2022-11-20 00:00:00,550,37112,37662
2022-11-21 00:00:00,581,36943,37524
2022-11-22 00:00:00,280,32680,32960
2022-11-23 00:00:00,609,36865,37474
2022-11-24 00:00:00,868,38838,39706
2022-11-25 00:00:00,984,39492,40476
2022-11-26 00:00:00,569,38223,38792
2022-11-27 00:00:00,478,36790,37268
2022-11-28 00:00:00,466,32919,33385
2022-11-29 00:00:00,375,27180,27555
2022-11-30 00:00:00,688,30911,31599
2022-12-01 00:00:00,339,36149,36488
2022-12-02 00:00:00,673,35942,36615
2022-12-03 00:00:00,648,33544,34192
2022-12-04 00:00:00,533,34309,34842
2022-12-05 00:00:00,660,33309,33969
2022-12-06 00:00:00,425,30615,31040
2022-12-07 00:00:00,503,32805,33308
2022-12-08 00:00:00,343,35546,35889
2022-12-09 00:00:00,691,35586,36277
2022-12-10 00:00:00,751,34293,35044
2022-12-11 00:00:00,563,34280,34843
2022-12-12 00:00:00,513,34004,34517
2022-12-13 00:00:00,421,30195,30616
2022-12-14 00:00:00,464,32032,32496
2022-12-15 00:00:00,309,34640,34949
2022-12-16 00:00:00,852,35358,36210
2022-12-17 00:00:00,579,29938,30517
2022-12-18 00:00:00,448,27634,28082
2022-12-19 00:00:00,551,34320,34871
2022-12-20 00:00:00,422,31231,31653
2022-12-21 00:00:00,563,30298,30861
2022-12-22 00:00:00,0,0,0
2022-12-23 00:00:00,0,0,0
2022-12-24 00:00:00,943,36823,37766
2022-12-25 00:00:00,534,35018,35552
2022-12-26 00:00:00,543,37862,38405
2022-12-27 00:00:00,466,36160,36626
2022-12-28 00:00:00,641,37051,37692
2022-12-29 00:00:00,415,37085,37500
2022-12-30 00:00:00,706,37193,37899
2022-12-31 00:00:00,978,33025,34003
2023-01-01 00:00:00,412,29564,29976
2023-01-02 00:00:00,464,32410,32874
2023-01-03 00:00:00,647,33060,33707
2023-01-04 00:00:00,471,33809,34280
2023-01-05 00:00:00,292,35462,35754
2023-01-06 00:00:00,592,35004,35596
2023-01-07 00:00:00,491,34304,34795
2023-01-08 00:00:00,395,36910,37305
2023-01-09 00:00:00,386,38170,38556
2023-01-10 00:00:00,599,35888,36487
2023-01-11 00:00:00,493,34684,35177
2023-01-12 00:00:00,267,34691,34958
2023-01-13 00:00:00,491,29951,30442
2023-01-14 00:00:00,492,31579,32071
2023-01-15 00:00:00,329,32577,32906
2023-01-16 00:00:00,370,33178,33548
2023-01-17 00:00:00,454,28902,29356
2023-01-18 00:00:00,434,28723,29157
2023-01-19 00:00:00,289,33532,33821
2023-01-20 00:00:00,690,39666,40356
2023-01-21 00:00:00,851,42282,43133
2023-01-22 00:00:00,530,35256,35786
2023-01-23 00:00:00,529,38079,38608
2023-01-24 00:00:00,0,0,0
2023-01-25 00:00:00,796,43341,44137
2023-01-26 00:00:00,335,35423,35758
2023-01-27 00:00:00,730,29145,29875
2023-01-28 00:00:00,624,34951,35575
2023-01-29 00:00:00,426,34922,35348
2023-01-30 00:00:00,334,34924,35258
2023-01-31 00:00:00,541,32711,33252
2023-02-01 00:00:00,447,34407,34854
2023-02-02 00:00:00,329,33565,33894
2023-02-03 00:00:00,566,34817,35383
2023-02-04 00:00:00,598,33848,34446
2023-02-05 00:00:00,364,34025,34389
2023-02-06 00:00:00,283,36078,36361
2023-02-07 00:00:00,499,34473,34972
2023-02-08 00:00:00,487,35397,35884
2023-02-09 00:00:00,221,36185,36406
2023-02-10 00:00:00,630,37270,37900
2023-02-11 00:00:00,545,37579,38124
2023-02-12 00:00:00,435,36936,37371
2023-02-13 00:00:00,243,37477,37720
2023-02-14 00:00:00,454,36698,37152
2023-02-15 00:00:00,503,37209,37712
2023-02-16 00:00:00,298,37449,37747
2023-02-17 00:00:00,792,38168,38960
2023-02-18 00:00:00,663,38381,39044
2023-02-19 00:00:00,386,36134,36520
2023-02-20 00:00:00,267,36709,36976
2023-02-21 00:00:00,504,35100,35604
2023-02-22 00:00:00,556,35966,36522
2023-02-23 00:00:00,325,36536,36861
2023-02-24 00:00:00,802,38657,39459
2023-02-25 00:00:00,1059,39018,40077
2023-02-26 00:00:00,420,36504,36924
2023-02-27 00:00:00,410,33066,33476
2023-02-28 00:00:00,514,30561,31075
2023-03-01 00:00:00,553,32646,33199
2023-03-02 00:00:00,304,28746,29050
2023-03-03 00:00:00,765,31060,31825
2023-03-04 00:00:00,745,29916,30661
2023-03-05 00:00:00,454,29722,30176
2023-03-06 00:00:00,494,29026,29520
2023-03-07 00:00:00,629,26596,27225
2023-03-08 00:00:00,695,27679,28374
2023-03-09 00:00:00,322,31357,31679
2023-03-10 00:00:00,796,35294,36090
2023-03-11 00:00:00,821,33670,34491
2023-03-12 00:00:00,528,31694,32222
2023-03-13 00:00:00,574,31567,32141
2023-03-14 00:00:00,580,29950,30530
2023-03-15 00:00:00,698,31404,32102
2023-03-16 00:00:00,860,35423,36283
2023-03-17 00:00:00,1409,37965,39374
2023-03-18 00:00:00,971,38148,39119
2023-03-19 00:00:00,2162,36035,38197
2023-03-20 00:00:00,516,36231,36747
2023-03-21 00:00:00,1234,31403,32637
2023-03-22 00:00:00,772,34044,34816
2023-03-23 00:00:00,479,36533,37012
2023-03-24 00:00:00,2804,38626,41430
2023-03-25 00:00:00,1240,40119,41359
2023-03-26 00:00:00,1262,34966,36228
2023-03-27 00:00:00,2933,37458,40391
2023-03-28 00:00:00,1086,34380,35466
2023-03-29 00:00:00,1118,35469,36587
2023-03-30 00:00:00,1009,36899,37908
2023-03-31 00:00:00,1274,39018,40292
2023-04-01 00:00:00,1092,38137,39229
2023-04-02 00:00:00,1234,33635,34869
2023-04-03 00:00:00,886,35433,36319
2023-04-04 00:00:00,1772,30173,31945
2023-04-05 00:00:00,0,0,0
2023-04-06 00:00:00,1347,37847,39194
2023-04-07 00:00:00,1229,39786,41015
2023-04-08 00:00:00,1119,38233,39352
2023-04-09 00:00:00,1427,35330,36757
2023-04-10 00:00:00,1233,38057,39290
2023-04-11 00:00:00,1299,35610,36909
2023-04-12 00:00:00,1232,37747,38979
2023-04-13 00:00:00,1396,38435,39831
2023-04-14 00:00:00,1429,39688,41117
2023-04-15 00:00:00,1258,38759,40017
2023-04-16 00:00:00,1568,36852,38420
2023-04-17 00:00:00,1309,36537,37846
2023-04-18 00:00:00,0,0,0
2023-04-19 00:00:00,1471,37843,39314
2023-04-20 00:00:00,1204,38745,39949
2023-04-21 00:00:00,1284,39797,41081
2023-04-22 00:00:00,1121,38570,39691
2023-04-23 00:00:00,1727,35956,37683
2023-04-24 00:00:00,1307,37649,38956
2023-04-25 00:00:00,1623,35729,37352
2023-04-26 00:00:00,1314,39022,40336
2023-04-27 00:00:00,1609,39603,41212
2023-04-28 00:00:00,1840,42017,43857
2023-04-29 00:00:00,2008,41953,43961
2023-04-30 00:00:00,1861,39434,41295
2023-05-01 00:00:00,1692,39176,40868
2023-05-02 00:00:00,1825,34189,36014
2023-05-03 00:00:00,1401,35249,36650
2023-05-04 00:00:00,0,0,0
2023-05-05 00:00:00,1086,26907,27993
2023-05-06 00:00:00,1350,31856,33206
2023-05-07 00:00:00,1161,26859,28020
2023-05-08 00:00:00,1424,35820,37244
2023-05-09 00:00:00,1418,36387,37805
2023-05-10 00:00:00,3504,39098,42602
2023-05-11 00:00:00,1117,38609,39726
2023-05-12 00:00:00,1536,40422,41958
2023-05-13 00:00:00,1378,38857,40235
2023-05-14 00:00:00,1326,37004,38330
2023-05-15 00:00:00,1413,39432,40845
2023-05-16 00:00:00,1666,37848,39514
2023-05-17 00:00:00,1341,38082,39423
2023-05-18 00:00:00,1281,38895,40176
2023-05-19 00:00:00,1739,40290,42029
2023-05-20 00:00:00,1402,39540,40942
2023-05-21 00:00:00,1391,37396,38787
2023-05-22 00:00:00,1384,39064,40448
2023-05-23 00:00:00,1459,35886,37345
2023-05-24 00:00:00,1465,38675,40140
2023-05-25 00:00:00,1322,39984,41306
2023-05-26 00:00:00,1416,42551,43967
2023-05-27 00:00:00,1445,44756,46201
2023-05-28 00:00:00,1393,36750,38143
2023-05-29 00:00:00,1741,37309,39050
2023-05-30 00:00:00,5078,33999,39077
2023-05-31 00:00:00,1613,36911,38524
2023-06-01 00:00:00,1303,39509,40812
2023-06-02 00:00:00,1530,42919,44449
2023-06-03 00:00:00,1563,46530,48093
2023-06-04 00:00:00,1702,41180,42882
2023-06-05 00:00:00,1491,33571,35062
2023-06-06 00:00:00,1693,34937,36630
2023-06-07 00:00:00,1754,35856,37610
2023-06-08 00:00:00,1735,34534,36269
2023-06-09 00:00:00,4773,36554,41327
2023-06-10 00:00:00,3982,35212,39194
2023-06-11 00:00:00,1853,37868,39721
2023-06-12 00:00:00,1795,38645,40440
2023-06-13 00:00:00,1877,36222,38099
2023-06-14 00:00:00,1902,36441,38343
2023-06-15 00:00:00,1754,37488,39242
2023-06-16 00:00:00,1729,37424,39153
2023-06-17 00:00:00,4940,37753,42693
2023-06-18 00:00:00,1674,35724,37398
2023-06-19 00:00:00,1554,35279,36833
2023-06-20 00:00:00,1848,33028,34876
2023-06-21 00:00:00,2719,36260,38979
2023-06-22 00:00:00,2168,37783,39951
2023-06-23 00:00:00,2132,37152,39284
2023-06-24 00:00:00,2180,35934,38114
2023-06-25 00:00:00,2022,33171,35193
2023-06-26 00:00:00,2041,33928,35969
2023-06-27 00:00:00,2061,31424,33485
2023-06-28 00:00:00,2316,33838,36154
2023-06-29 00:00:00,1822,31495,33317
2023-06-30 00:00:00,2060,30057,32117
2023-07-01 00:00:00,2100,31288,33388
2023-07-02 00:00:00,4682,30900,35582
2023-07-03 00:00:00,1838,30198,32036
2023-07-04 00:00:00,5662,29058,34720
2023-07-05 00:00:00,2486,32868,35354
2023-07-06 00:00:00,2079,33029,35108
2023-07-07 00:00:00,4749,31487,36236
2023-07-08 00:00:00,2332,30940,33272
2023-07-09 00:00:00,2247,32855,35102
2023-07-10 00:00:00,2082,33771,35853
2023-07-11 00:00:00,2392,32058,34450
2023-07-12 00:00:00,2532,33141,35673
2023-07-13 00:00:00,1988,32573,34561
2023-07-14 00:00:00,1925,29622,31547
2023-07-15 00:00:00,2740,31041,33781
2023-07-16 00:00:00,2403,33171,35574
2023-07-17 00:00:00,4742,32709,37451
2023-07-18 00:00:00,2576,29414,31990
2023-07-19 00:00:00,2551,34616,37167
2023-07-20 00:00:00,2216,35072,37288
2023-07-21 00:00:00,2299,32366,34665
2023-07-22 00:00:00,4786,34636,39422
2023-07-23 00:00:00,2324,33884,36208
2023-07-24 00:00:00,1992,34758,36750
2023-07-25 00:00:00,2553,34998,37551
2023-07-26 00:00:00,2670,38202,40872
2023-07-27 00:00:00,2394,40471,42865
2023-07-28 00:00:00,2539,40938,43477
2023-07-29 00:00:00,6727,43925,50652
2023-07-30 00:00:00,2398,43082,45480
2023-07-31 00:00:00,2082,42095,44177
2023-08-01 00:00:00,2692,41569,44261
2023-08-02 00:00:00,2840,41477,44317
2023-08-03 00:00:00,2914,38241,41155
2023-08-04 00:00:00,2155,35330,37485
2023-08-05 00:00:00,2743,36178,38921
2023-08-06 00:00:00,2759,36255,39014
2023-08-07 00:00:00,1998,35503,37501
2023-08-08 00:00:00,2839,34308,37147
2023-08-09 00:00:00,1379,21289,22668
2023-08-10 00:00:00,2193,17709,19902
2023-08-11 00:00:00,3132,41931,45063
2023-08-12 00:00:00,3000,43914,46914
2023-08-13 00:00:00,3139,40285,43424
2023-08-14 00:00:00,6957,36619,43576
2023-08-15 00:00:00,2664,36969,39633
2023-08-16 00:00:00,2769,35421,38190
2023-08-17 00:00:00,2845,32829,35674
2023-08-18 00:00:00,2243,34543,36786
2023-08-19 00:00:00,2773,34371,37144
2023-08-20 00:00:00,3388,35887,39275
2023-08-21 00:00:00,2202,37096,39298
2023-08-22 00:00:00,2851,33997,36848
2023-08-23 00:00:00,2755,34013,36768
2023-08-24 00:00:00,2765,34456,37221
2023-08-25 00:00:00,2397,36080,38477
2023-08-26 00:00:00,2602,36858,39460
2023-08-27 00:00:00,2534,36231,38765
2023-08-28 00:00:00,1654,36187,37841
2023-08-29 00:00:00,2471,30152,32623
2023-08-30 00:00:00,2341,29927,32268
2023-08-31 00:00:00,2973,31589,34562
2023-09-01 00:00:00,2331,32867,35198
2023-09-02 00:00:00,2358,33028,35386
2023-09-03 00:00:00,2539,32986,35525
2023-09-04 00:00:00,2585,32419,35004
2023-09-05 00:00:00,2633,30982,33615
2023-09-06 00:00:00,2357,33386,35743
2023-09-07 00:00:00,2369,34345,36714
2023-09-08 00:00:00,3022,35442,38464
2023-09-09 00:00:00,2277,35833,38110
2023-09-10 00:00:00,2456,33555,36011
2023-09-11 00:00:00,2014,34285,36299
2023-09-12 00:00:00,2203,32248,34451
2023-09-13 00:00:00,2411,33237,35648
2023-09-14 00:00:00,2398,33054,35452
2023-09-15 00:00:00,2504,34471,36975
2023-09-16 00:00:00,2991,33091,36082
2023-09-17 00:00:00,5811,32236,38047
2023-09-18 00:00:00,2127,33074,35201
2023-09-19 00:00:00,2423,30003,32426
2023-09-20 00:00:00,2904,32064,34968
2023-09-21 00:00:00,2659,30952,33611
2023-09-22 00:00:00,2395,32197,34592
2023-09-23 00:00:00,2590,31555,34145
2023-09-24 00:00:00,3218,27928,31146
2023-09-25 00:00:00,2190,28256,30446
2023-09-26 00:00:00,2839,35835,38674
2023-09-27 00:00:00,2719,43473,46192
2023-09-28 00:00:00,3141,45899,49040
2023-09-29 00:00:00,4132,45734,49866
2023-09-30 00:00:00,4480,45744,50224
2023-10-01 00:00:00,2801,41131,43932
2023-10-02 00:00:00,2391,35894,38285
2023-10-03 00:00:00,3946,33117,37063
2023-10-04 00:00:00,4155,30233,34388
2023-10-05 00:00:00,2902,29442,32344
2023-10-06 00:00:00,1832,40818,42650
2023-10-07 00:00:00,2204,45011,47215
2023-10-08 00:00:00,5195,34051,39246
2023-10-09 00:00:00,1764,32417,34181
2023-10-10 00:00:00,2262,35666,37928
2023-10-11 00:00:00,2251,36322,38573
2023-10-12 00:00:00,2194,35674,37868
2023-10-13 00:00:00,4731,36547,41278
2023-10-14 00:00:00,2331,37365,39696
2023-10-15 00:00:00,2424,37129,39553
2023-10-16 00:00:00,1860,39027,40887
2023-10-17 00:00:00,2164,37732,39896
2023-10-18 00:00:00,4083,38386,42469
2023-10-19 00:00:00,2720,38277,40997
2023-10-20 00:00:00,2007,38527,40534
2023-10-21 00:00:00,2425,38748,41173
2023-10-22 00:00:00,2214,37597,39811
2023-10-23 00:00:00,4801,38367,43168
2023-10-24 00:00:00,2249,37484,39733
2023-10-25 00:00:00,1883,37637,39520
2023-10-26 00:00:00,2099,37892,39991
2023-10-27 00:00:00,3531,37717,41248
2023-10-28 00:00:00,4900,37333,42233
2023-10-29 00:00:00,1859,33485,35344
2023-10-30 00:00:00,1691,34349,36040
2023-10-31 00:00:00,1661,33518,35179
2023-11-01 00:00:00,2295,34316,36611
2023-11-02 00:00:00,5290,34022,39312
2023-11-03 00:00:00,2619,34588,37207
2023-11-04 00:00:00,3136,34191,37327
2023-11-05 00:00:00,1783,32892,34675
2023-11-06 00:00:00,1910,32663,34573
2023-11-07 00:00:00,2999,31709,34708
2023-11-08 00:00:00,2236,33575,35811
2023-11-09 00:00:00,2792,33637,36429
2023-11-10 00:00:00,2343,34309,36652
2023-11-11 00:00:00,2250,34626,36876
2023-11-12 00:00:00,5240,31873,37113
2023-11-13 00:00:00,3281,31573,34854
2023-11-14 00:00:00,2133,28939,31072
2023-11-15 00:00:00,1954,33338,35292
2023-11-16 00:00:00,1848,33783,35631
2023-11-17 00:00:00,1410,33142,34552
2023-11-18 00:00:00,2760,32988,35748
2023-11-19 00:00:00,1917,31660,33577
2023-11-20 00:00:00,1481,30046,31527
2023-11-21 00:00:00,1497,27056,28553
2023-11-22 00:00:00,2662,30470,33132
2023-11-23 00:00:00,2169,34291,36460
2023-11-24 00:00:00,2156,33271,35427
2023-11-25 00:00:00,2176,33373,35549
2023-11-26 00:00:00,1571,31093,32664
2023-11-27 00:00:00,2184,29113,31297
2023-11-28 00:00:00,1300,24988,26288
2023-11-29 00:00:00,3926,27188,31114
2023-11-30 00:00:00,1491,31022,32513
2023-12-01 00:00:00,2299,33159,35458
2023-12-02 00:00:00,2942,32404,35346
2023-12-03 00:00:00,1465,30358,31823
2023-12-04 00:00:00,1406,28886,30292
2023-12-05 00:00:00,1256,25837,27093
2023-12-06 00:00:00,1742,26810,28552
2023-12-07 00:00:00,2922,33038,35960
2023-12-08 00:00:00,3438,33365,36803
2023-12-09 00:00:00,2359,32985,35344
2023-12-10 00:00:00,1415,31649,33064
2023-12-11 00:00:00,1444,28209,29653
2023-12-12 00:00:00,2501,26701,29202
2023-12-13 00:00:00,1668,29453,31121
2023-12-14 00:00:00,1593,32221,33814
2023-12-15 00:00:00,2278,31544,33822
2023-12-16 00:00:00,1624,29074,30698
2023-12-17 00:00:00,1964,31974,33938
2023-12-18 00:00:00,2836,31003,33839
2023-12-19 00:00:00,1728,28255,29983
2023-12-20 00:00:00,2040,29004,31044
2023-12-21 00:00:00,2217,19765,21982
2023-12-22 00:00:00,2395,15558,17953
2023-12-23 00:00:00,4915,41914,46829
2023-12-24 00:00:00,2513,33710,36223
2023-12-25 00:00:00,1654,32121,33775
2023-12-26 00:00:00,2261,35579,37840
2023-12-27 00:00:00,4361,35014,39375
2023-12-28 00:00:00,7209,35913,43122
2023-12-29 00:00:00,3227,36906,40133
2023-12-30 00:00:00,3331,39266,42597
2023-12-31 00:00:00,2348,33120,35468
2024-01-01 00:00:00,1372,30033,31405
2024-01-02 00:00:00,4371,31340,35711
2024-01-03 00:00:00,1593,28623,30216
2024-01-04 00:00:00,1824,30314,32138
2024-01-05 00:00:00,2332,30144,32476
2024-01-06 00:00:00,3624,31914,35538
2024-01-07 00:00:00,2667,32773,35440
2024-01-08 00:00:00,4703,33558,38261
2024-01-09 00:00:00,1721,31547,33268
2024-01-10 00:00:00,2122,31693,33815
2024-01-11 00:00:00,2226,33981,36207
2024-01-12 00:00:00,7065,32981,40046
2024-01-13 00:00:00,2483,34683,37166
2024-01-14 00:00:00,2126,34176,36302
2024-01-15 00:00:00,2172,34860,37032
2024-01-16 00:00:00,3880,32789,36669
2024-01-17 00:00:00,6103,32009,38112
2024-01-18 00:00:00,2469,33005,35474
2024-01-19 00:00:00,3060,32631,35691
2024-01-20 00:00:00,2716,32301,35017
2024-01-21 00:00:00,7875,32644,40519
2024-01-22 00:00:00,1544,31585,33129
2024-01-23 00:00:00,1000,1668,2668
2024-01-24 00:00:00,3158,31338,34496
2024-01-25 00:00:00,6425,34008,40433
2024-01-26 00:00:00,3273,34109,37382
2024-01-27 00:00:00,3042,35903,38945
2024-01-28 00:00:00,2966,35013,37979
2024-01-29 00:00:00,3063,34032,37095
2024-01-30 00:00:00,2314,31158,33472
2024-01-31 00:00:00,4358,30076,34434
2024-02-01 00:00:00,2654,31572,34226
2024-02-02 00:00:00,6447,30374,36821
2024-02-03 00:00:00,2747,29448,32195
2024-02-04 00:00:00,2861,28212,31073
2024-02-05 00:00:00,2888,27078,29966
2024-02-06 00:00:00,7728,27710,35438
2024-02-07 00:00:00,2725,30908,33633
2024-02-08 00:00:00,2794,37271,40065
2024-02-09 00:00:00,2966,40532,43498
2024-02-10 00:00:00,5072,34171,39243
2024-02-11 00:00:00,3584,33672,37256
2024-02-12 00:00:00,3454,35191,38645
2024-02-13 00:00:00,7466,34799,42265
2024-02-14 00:00:00,3100,34480,37580
2024-02-15 00:00:00,2905,34421,37326
2024-02-16 00:00:00,5752,34376,40128
2024-02-17 00:00:00,2842,32897,35739
2024-02-18 00:00:00,2236,29824,32060
2024-02-19 00:00:00,7339,18501,25840
2024-02-20 00:00:00,2256,35643,37899
2024-02-21 00:00:00,2381,30067,32448
2024-02-22 00:00:00,2262,32382,34644
2024-02-23 00:00:00,6412,34049,40461
2024-02-24 00:00:00,2662,33688,36350
2024-02-25 00:00:00,2755,34050,36805
2024-02-26 00:00:00,2587,33548,36135
2024-02-27 00:00:00,3893,33184,37077
2024-02-28 00:00:00,2639,35152,37791
2024-02-29 00:00:00,2291,37680,39971
2024-03-01 00:00:00,3147,37766,40913
2024-03-02 00:00:00,7144,26913,34057
2024-03-03 00:00:00,3864,25787,29651
2024-03-04 00:00:00,2627,23194,25821
2024-03-05 00:00:00,2328,21151,23479
2024-03-06 00:00:00,6974,23910,30884
2024-03-07 00:00:00,2565,27146,29711
2024-03-08 00:00:00,3350,29593,32943
2024-03-09 00:00:00,3086,28556,31642
2024-03-10 00:00:00,8403,27131,35534
2024-03-11 00:00:00,3851,26053,29904
2024-03-12 00:00:00,2569,24324,26893
2024-03-13 00:00:00,4098,27304,31402
2024-03-14 00:00:00,7483,29766,37249
2024-03-15 00:00:00,3228,31313,34541
2024-03-16 00:00:00,3477,30564,34041
2024-03-17 00:00:00,3243,29067,32310
2024-03-18 00:00:00,3836,29808,33644
2024-03-19 00:00:00,2969,28640,31609
2024-03-20 00:00:00,5671,29713,35384
2024-03-21 00:00:00,9864,32563,42427
2024-03-22 00:00:00,5949,32893,38842
2024-03-23 00:00:00,8218,32785,41003
2024-03-24 00:00:00,3717,30715,34432
2024-03-25 00:00:00,5651,32106,37757
2024-03-26 00:00:00,3057,31637,34694
2024-03-27 00:00:00,9438,32834,42272
2024-03-28 00:00:00,3336,33266,36602
2024-03-29 00:00:00,3761,35414,39175
2024-03-30 00:00:00,10783,35139,45922
2024-03-31 00:00:00,8148,33146,41294
2024-04-01 00:00:00,2597,34605,37202
2024-04-02 00:00:00,5693,31612,37305
2024-04-03 00:00:00,12714,33040,45754
2024-04-04 00:00:00,6831,33083,39914
2024-04-05 00:00:00,6246,35655,41901
2024-04-06 00:00:00,7826,36428,44254
2024-04-07 00:00:00,7274,33813,41087
2024-04-08 00:00:00,4681,32697,37378
2024-04-09 00:00:00,3078,33937,37015
2024-04-10 00:00:00,3647,36577,40224
2024-04-11 00:00:00,8468,33745,42213
2024-04-12 00:00:00,2607,33784,36391
2024-04-13 00:00:00,4889,34017,38906
2024-04-14 00:00:00,7436,32583,40019
2024-04-15 00:00:00,2578,35389,37967
2024-04-16 00:00:00,8954,33514,42468
2024-04-17 00:00:00,4322,34509,38831
2024-04-18 00:00:00,8148,35926,44074
2024-04-19 00:00:00,2648,36213,38861
2024-04-20 00:00:00,3596,32813,36409
2024-04-21 00:00:00,5113,32050,37163
2024-04-22 00:00:00,7400,33093,40493
2024-04-23 00:00:00,3657,32116,35773
2024-04-24 00:00:00,6096,35173,41269
2024-04-25 00:00:00,6353,35927,42280
2024-04-26 00:00:00,3232,37808,41040
2024-04-27 00:00:00,11395,37463,48858
2024-04-28 00:00:00,3659,34759,38418
2024-04-29 00:00:00,3594,33845,37439
2024-04-30 00:00:00,6618,34440,41058
2024-05-01 00:00:00,11528,36839,48367
2024-05-02 00:00:00,3818,34668,38486
2024-05-03 00:00:00,8580,39767,48347
2024-05-04 00:00:00,5445,42287,47732
2024-05-05 00:00:00,0,0,0
2024-05-06 00:00:00,7894,33809,41703
2024-05-07 00:00:00,3821,33322,37143
2024-05-08 00:00:00,5156,33276,38432
2024-05-09 00:00:00,5836,33274,39110
2024-05-10 00:00:00,7951,34677,42628
2024-05-11 00:00:00,3783,36920,40703
2024-05-12 00:00:00,7060,34100,41160
2024-05-13 00:00:00,7854,33898,41752
2024-05-14 00:00:00,3764,33392,37156
2024-05-15 00:00:00,8355,34682,43037
2024-05-16 00:00:00,3641,33091,36732
2024-05-17 00:00:00,7429,33975,41404
2024-05-18 00:00:00,6014,34757,40771
2024-05-19 00:00:00,3702,34026,37728
2024-05-20 00:00:00,3138,36400,39538
2024-05-21 00:00:00,8034,35247,43281
2024-05-22 00:00:00,6051,36176,42227
2024-05-23 00:00:00,10587,36710,47297
2024-05-24 00:00:00,3345,37924,41269
2024-05-25 00:00:00,3761,35948,39709
2024-05-26 00:00:00,3649,33669,37318
2024-05-27 00:00:00,10354,37609,47963
2024-05-28 00:00:00,5683,36063,41746
2024-05-29 00:00:00,3713,36813,40526
2024-05-30 00:00:00,7435,36116,43551
2024-05-31 00:00:00,7803,35720,43523
2024-06-01 00:00:00,5735,37381,43116
2024-06-02 00:00:00,5946,34581,40527
2024-06-03 00:00:00,3245,37368,40613
2024-06-04 00:00:00,8501,35583,44084
2024-06-05 00:00:00,5920,39653,45573
2024-06-06 00:00:00,3973,44091,48064
2024-06-07 00:00:00,4133,34194,38327
2024-06-08 00:00:00,7591,31751,39342
2024-06-09 00:00:00,3494,35058,38552
2024-06-10 00:00:00,10178,35229,45407
2024-06-11 00:00:00,6373,33401,39774
2024-06-12 00:00:00,9836,34921,44757
2024-06-13 00:00:00,3602,36151,39753
2024-06-14 00:00:00,3248,36317,39565
2024-06-15 00:00:00,6293,35715,42008
2024-06-16 00:00:00,12243,34350,46593
2024-06-17 00:00:00,5539,34203,39742
2024-06-18 00:00:00,4383,31329,35712
2024-06-19 00:00:00,4031,34503,38534
2024-06-20 00:00:00,11216,33198,44414
2024-06-21 00:00:00,7411,33303,40714
2024-06-22 00:00:00,5900,31979,37879
2024-06-23 00:00:00,4348,32304,36652
2024-06-24 00:00:00,3298,33508,36806
2024-06-25 00:00:00,8457,30382,38839
2024-06-26 00:00:00,5655,31421,37076
2024-06-27 00:00:00,3837,30285,34122
2024-06-28 00:00:00,5654,29678,35332
2024-06-29 00:00:00,4774,26748,31522
2024-06-30 00:00:00,4499,27447,31946
2024-07-01 00:00:00,3803,26970,30773
2024-07-02 00:00:00,5452,23608,29060
2024-07-03 00:00:00,8406,30941,39347
2024-07-04 00:00:00,4306,31737,36043
2024-07-05 00:00:00,3930,31963,35893
2024-07-06 00:00:00,5343,31263,36606
2024-07-07 00:00:00,9985,30487,40472
2024-07-08 00:00:00,7564,27847,35411
2024-07-09 00:00:00,4140,24407,28547
2024-07-10 00:00:00,6667,28512,35179
2024-07-11 00:00:00,3948,29891,33839
2024-07-12 00:00:00,5735,30604,36339
2024-07-13 00:00:00,4214,30374,34588
2024-07-14 00:00:00,4081,31564,35645
2024-07-15 00:00:00,5764,30873,36637
2024-07-16 00:00:00,4616,30397,35013
2024-07-17 00:00:00,11814,31196,43010
2024-07-18 00:00:00,4095,31203,35298
2024-07-19 00:00:00,4275,33413,37688
2024-07-20 00:00:00,4621,35056,39677
2024-07-21 00:00:00,6307,33373,39680
2024-07-22 00:00:00,4442,33635,38077
2024-07-23 00:00:00,8547,33948,42495
2024-07-24 00:00:00,3903,35798,39701
2024-07-25 00:00:00,5953,36816,42769
2024-07-26 00:00:00,9300,38126,47426
2024-07-27 00:00:00,4520,41493,46013
2024-07-28 00:00:00,6872,41112,47984
2024-07-29 00:00:00,4518,40648,45166
2024-07-30 00:00:00,6908,39642,46550
2024-07-31 00:00:00,7638,41123,48761
2024-08-01 00:00:00,5928,40741,46669
2024-08-02 00:00:00,7167,37038,44205
2024-08-03 00:00:00,5416,37498,42914
2024-08-04 00:00:00,10325,36314,46639
2024-08-05 00:00:00,4756,36945,41701
2024-08-06 00:00:00,6751,33638,40389
2024-08-07 00:00:00,6081,34315,40396
2024-08-08 00:00:00,7939,34252,42191
2024-08-09 00:00:00,10437,34623,45060
2024-08-10 00:00:00,4880,37622,42502
2024-08-11 00:00:00,7942,36638,44580
2024-08-12 00:00:00,5040,35667,40707
2024-08-13 00:00:00,4770,35887,40657
2024-08-14 00:00:00,11913,38348,50261
2024-08-15 00:00:00,4540,41410,45950
2024-08-16 00:00:00,7021,32736,39757
2024-08-17 00:00:00,9024,30401,39425
2024-08-18 00:00:00,4489,33000,37489
2024-08-19 00:00:00,5995,32875,38870
2024-08-20 00:00:00,7538,28252,35790
2024-08-21 00:00:00,9590,30104,39694
2024-08-22 00:00:00,4562,32363,36925
2024-08-23 00:00:00,4911,34270,39181
2024-08-24 00:00:00,4778,35780,40558
2024-08-25 00:00:00,4766,34989,39755
2024-08-26 00:00:00,8917,35405,44322
2024-08-27 00:00:00,6869,34738,41607
2024-08-28 00:00:00,4901,33727,38628
2024-08-29 00:00:00,4864,33128,37992
2024-08-30 00:00:00,4521,33625,38146
2024-08-31 00:00:00,5443,33738,39181
2024-09-01 00:00:00,5040,32532,37572
2024-09-02 00:00:00,8310,30173,38483
2024-09-03 00:00:00,4339,29130,33469
2024-09-04 00:00:00,9597,30678,40275
2024-09-05 00:00:00,6568,31867,38435
2024-09-06 00:00:00,4175,32412,36587
2024-09-07 00:00:00,3916,32979,36895
2024-09-08 00:00:00,10456,29984,40440
2024-09-09 00:00:00,4457,29342,33799
2024-09-10 00:00:00,5165,26350,31515
2024-09-11 00:00:00,3086,28191,31277
2024-09-12 00:00:00,7259,31848,39107
2024-09-13 00:00:00,4688,40029,44717
2024-09-14 00:00:00,6256,42906,49162
2024-09-15 00:00:00,10137,42106,52243
2024-09-16 00:00:00,3287,37356,40643
2024-09-17 00:00:00,3477,34694,38171
2024-09-18 00:00:00,3413,37998,41411
2024-09-19 00:00:00,5882,33497,39379
2024-09-20 00:00:00,11452,29611,41063
2024-09-21 00:00:00,3949,27388,31337
2024-09-22 00:00:00,3916,32228,36144
2024-09-23 00:00:00,4313,32985,37298
2024-09-24 00:00:00,13463,31981,45444
2024-09-25 00:00:00,5800,34862,40662
2024-09-26 00:00:00,4284,34962,39246
2024-09-27 00:00:00,5186,34289,39475
2024-09-28 00:00:00,4284,40837,45121
2024-09-29 00:00:00,6609,35122,41731
2024-09-30 00:00:00,5143,36222,41365
2024-10-01 00:00:00,5281,35257,40538
2024-10-02 00:00:00,5110,35909,41019
2024-10-03 00:00:00,10319,39170,49489
2024-10-04 00:00:00,5068,28966,34034
2024-10-05 00:00:00,3962,28570,32532
2024-10-06 00:00:00,3454,31414,34868
2024-10-07 00:00:00,4483,31039,35522
2024-10-08 00:00:00,6564,30620,37184
2024-10-09 00:00:00,5128,32061,37189
2024-10-10 00:00:00,4930,29294,34224
2024-10-11 00:00:00,5843,33311,39154
2024-10-12 00:00:00,4014,34055,38069
2024-10-13 00:00:00,5668,33970,39638
2024-10-14 00:00:00,5744,35011,40755
2024-10-15 00:00:00,4924,33068,37992
2024-10-16 00:00:00,3978,34737,38715
2024-10-17 00:00:00,2728,30398,33126
2024-10-18 00:00:00,3733,33275,37008
2024-10-19 00:00:00,9969,32925,42894
2024-10-20 00:00:00,3509,31740,35249
2024-10-21 00:00:00,7779,35179,42958
2024-10-22 00:00:00,3012,34177,37189
2024-10-23 00:00:00,3277,34293,37570
2024-10-24 00:00:00,4859,34546,39405
2024-10-25 00:00:00,9826,34760,44586
2024-10-26 00:00:00,8190,34099,42289
2024-10-27 00:00:00,4437,31431,35868
2024-10-28 00:00:00,8191,32173,40364
2024-10-29 00:00:00,3886,32234,36120
2024-10-30 00:00:00,2610,31285,33895
2024-10-31 00:00:00,3893,31505,35398
2024-11-01 00:00:00,2287,32720,35007
2024-11-02 00:00:00,8093,33911,42004
2024-11-03 00:00:00,2937,32653,35590
2024-11-04 00:00:00,3744,32795,36539
2024-11-05 00:00:00,3578,33017,36595
2024-11-06 00:00:00,5962,32680,38642
2024-11-07 00:00:00,2494,34056,36550
2024-11-08 00:00:00,5332,34252,39584
2024-11-09 00:00:00,5421,34750,40171
2024-11-10 00:00:00,2586,31677,34263
2024-11-11 00:00:00,6442,31821,38263
2024-11-12 00:00:00,3972,30365,34337
2024-11-13 00:00:00,3331,31533,34864
2024-11-14 00:00:00,7138,32781,39919
2024-11-15 00:00:00,3705,33605,37310
2024-11-16 00:00:00,6045,34101,40146
2024-11-17 00:00:00,2728,30398,33126
2024-11-18 00:00:00,4823,30093,34916
2024-11-19 00:00:00,2297,29362,31659
2024-11-20 00:00:00,7355,29795,37150
2024-11-21 00:00:00,2604,31443,34047
2024-11-22 00:00:00,6223,33001,39224
2024-11-23 00:00:00,2852,33097,35949
2024-11-24 00:00:00,4095,30697,34792
2024-11-25 00:00:00,2366,28720,31086
2024-11-26 00:00:00,2243,26147,28390
2024-11-27 00:00:00,2250,21664,23914
2024-11-28 00:00:00,2748,28651,31399
2024-11-29 00:00:00,2978,30719,33697
2024-11-30 00:00:00,2461,31354,33815
2024-12-01 00:00:00,3771,29605,33376
2024-12-02 00:00:00,3544,27491,31035
2024-12-03 00:00:00,2208,25595,27803
2024-12-04 00:00:00,2365,25784,28149
2024-12-05 00:00:00,3861,28033,31894
2024-12-06 00:00:00,2813,28806,31619
2024-12-07 00:00:00,4163,29346,33509
2024-12-08 00:00:00,2258,28265,30523
2024-12-09 00:00:00,4403,27788,32191
2024-12-10 00:00:00,3875,25627,29502
2024-12-11 00:00:00,2448,26719,29167
2024-12-12 00:00:00,3538,28240,31778
2024-12-13 00:00:00,4155,29280,33435
2024-12-14 00:00:00,2694,30081,32775
2024-12-15 00:00:00,2589,29624,32213
2024-12-16 00:00:00,2730,29957,32687
2024-12-17 00:00:00,4189,27899,32088
2024-12-18 00:00:00,4620,29025,33645
2024-12-19 00:00:00,2632,29974,32606
2024-12-20 00:00:00,3678,28901,32579
2024-12-21 00:00:00,2751,31047,33798
2024-12-22 00:00:00,7609,28278,35887
2024-12-23 00:00:00,3051,28847,31898
2024-12-24 00:00:00,3035,29451,32486
2024-12-25 00:00:00,3277,30291,33568
2024-12-26 00:00:00,5360,31843,37203
2024-12-27 00:00:00,4538,30800,35338
2024-12-28 00:00:00,2988,34227,37215
2024-12-29 00:00:00,2989,32583,35572
2024-12-30 00:00:00,4276,29377,33653
2024-12-31 00:00:00,3895,27976,31871
2025-01-01 00:00:00,3444,25929,29373
2025-01-02 00:00:00,2022,26187,28209
2025-01-03 00:00:00,2843,24366,27209
2025-01-04 00:00:00,3534,26363,29897
2025-01-05 00:00:00,2697,25537,28234
2025-01-06 00:00:00,2759,26109,28868
2025-01-07 00:00:00,1971,24271,26242
2025-01-08 00:00:00,3676,23850,27526
2025-01-09 00:00:00,882,15145,16027
2025-01-10 00:00:00,3459,32735,36194
2025-01-11 00:00:00,5604,27530,33134
2025-01-12 00:00:00,4695,27464,32159
2025-01-13 00:00:00,2781,29414,32195
2025-01-14 00:00:00,3413,26371,29784
2025-01-15 00:00:00,2949,26068,29017
2025-01-16 00:00:00,5972,27034,33006
2025-01-17 00:00:00,3639,27732,31371
2025-01-18 00:00:00,2916,27639,30555
2025-01-19 00:00:00,4405,26546,30951
2025-01-20 00:00:00,3264,27367,30631
2025-01-21 00:00:00,7182,25113,32295
2025-01-22 00:00:00,3574,25019,28593
2025-01-23 00:00:00,3976,26858,30834
2025-01-24 00:00:00,3809,30873,34682
2025-01-25 00:00:00,6630,37001,43631
2025-01-26 00:00:00,5350,36572,41922
2025-01-27 00:00:00,3465,33645,37110
2025-01-28 00:00:00,2639,27989,30628
2025-01-29 00:00:00,8521,30659,39180
2025-01-30 00:00:00,5422,33266,38688
2025-01-31 00:00:00,3985,29561,33546
2025-02-01 00:00:00,4891,26159,31050
2025-02-02 00:00:00,3247,25597,28844
2025-02-03 00:00:00,9008,25177,34185
2025-02-04 00:00:00,2742,20974,23716
2025-02-05 00:00:00,3492,21791,25283
2025-02-06 00:00:00,2516,25440,27956
2025-02-07 00:00:00,4472,6118,10590
2025-02-08 00:00:00,3426,28146,31572
2025-02-09 00:00:00,3720,26218,29938
2025-02-10 00:00:00,2666,28421,31087
2025-02-11 00:00:00,6665,26483,33148
2025-02-12 00:00:00,6942,26841,33783
2025-02-13 00:00:00,1975,29325,31300
2025-02-14 00:00:00,2997,29992,32989
2025-02-15 00:00:00,5626,29565,35191
2025-02-16 00:00:00,2007,28937,30944
2025-02-17 00:00:00,2087,28294,30381
2025-02-18 00:00:00,2600,26732,29332
2025-02-19 00:00:00,7621,27000,34621
2025-02-20 00:00:00,3647,29936,33583
2025-02-21 00:00:00,2904,29712,32616
2025-02-22 00:00:00,2233,29218,31451
2025-02-23 00:00:00,6152,27500,33652
2025-02-24 00:00:00,2191,29019,31210
2025-02-25 00:00:00,3337,28545,31882
2025-02-26 00:00:00,2662,28193,30855
2025-02-27 00:00:00,6964,29588,36552
2025-02-28 00:00:00,4106,33557,37663
2025-03-01 00:00:00,2349,34195,36544
2025-03-02 00:00:00,3581,23927,27508
2025-03-03 00:00:00,1025,21655,22680
2025-03-04 00:00:00,2345,17990,20335
2025-03-05 00:00:00,4347,18884,23231
2025-03-06 00:00:00,7268,21373,28641
2025-03-07 00:00:00,7522,26257,33779
2025-03-08 00:00:00,3425,25397,28822
2025-03-09 00:00:00,3352,23233,26585
2025-03-10 00:00:00,2680,21781,24461
2025-03-11 00:00:00,6295,19996,26291
2025-03-12 00:00:00,5814,20175,25989
2025-03-13 00:00:00,4254,23995,28249
2025-03-14 00:00:00,3410,27063,30473
2025-03-15 00:00:00,2773,25250,28023
2025-03-16 00:00:00,2542,21647,24189
2025-03-17 00:00:00,4605,26064,30669
2025-03-18 00:00:00,2711,21026,23737
2025-03-19 00:00:00,3363,25035,28398
2025-03-20 00:00:00,7244,27584,34828
2025-03-21 00:00:00,5598,30044,35642
2025-03-22 00:00:00,7287,29775,37062
2025-03-23 00:00:00,6616,27748,34364
2025-03-24 00:00:00,8007,28263,36270
2025-03-25 00:00:00,3208,26441,29649
2025-03-26 00:00:00,3898,27487,31385
2025-03-27 00:00:00,6283,29352,35635
2025-03-28 00:00:00,8920,30629,39549
2025-03-29 00:00:00,6539,30778,37317
2025-03-30 00:00:00,3981,28801,32782
2025-03-31 00:00:00,5394,30292,35686
2025-04-01 00:00:00,7634,29570,37204
2025-04-02 00:00:00,9133,30484,39617
2025-04-03 00:00:00,6212,31176,37388
2025-04-04 00:00:00,10392,32721,43113
2025-04-05 00:00:00,4472,31614,36086
2025-04-06 00:00:00,7235,29786,37021
2025-04-07 00:00:00,3718,31412,35130
2025-04-08 00:00:00,4912,28013,32925
2025-04-09 00:00:00,8028,29702,37730
2025-04-10 00:00:00,6322,32302,38624
2025-04-11 00:00:00,4111,33837,37948
2025-04-12 00:00:00,4344,24884,29228
2025-04-13 00:00:00,9098,32162,41260
2025-04-14 00:00:00,3490,27880,31370
2025-04-15 00:00:00,3963,27800,31763
2025-04-16 00:00:00,5565,30781,36346
2025-04-17 00:00:00,8606,32214,40820
2025-04-18 00:00:00,8234,32349,40583
2025-04-19 00:00:00,3885,32052,35937
2025-04-20 00:00:00,6740,29436,36176
2025-04-21 00:00:00,8864,30527,39391
2025-04-22 00:00:00,7995,28232,36227
2025-04-23 00:00:00,4033,32490,36523
2025-04-24 00:00:00,6231,32683,38914
2025-04-25 00:00:00,9408,34427,43835
2025-04-26 00:00:00,4225,33169,37394
2025-04-27 00:00:00,8597,31261,39858
2025-04-28 00:00:00,5567,32798,38365
2025-04-29 00:00:00,6489,32796,39285
2025-04-30 00:00:00,5114,36262,41376
2025-05-01 00:00:00,9542,39365,48907
2025-05-02 00:00:00,6438,41201,47639
2025-05-03 00:00:00,4380,38097,42477
2025-05-04 00:00:00,10591,38560,49151
2025-05-05 00:00:00,3417,29877,33294
2025-05-06 00:00:00,7806,30792,38598
2025-05-07 00:00:00,3892,29466,33358
2025-05-08 00:00:00,6880,27687,34567
2025-05-09 00:00:00,3958,28114,32072
2025-05-10 00:00:00,15537,32893,48430
2025-05-11 00:00:00,4285,31532,35817
2025-05-12 00:00:00,7214,36056,43270
2025-05-13 00:00:00,5945,32435,38380
2025-05-14 00:00:00,10846,33607,44453
2025-05-15 00:00:00,5840,31909,37749
2025-05-16 00:00:00,4559,32780,37339
2025-05-17 00:00:00,6530,32383,38913
2025-05-18 00:00:00,12005,31662,43667
2025-05-19 00:00:00,3983,34412,38395
2025-05-20 00:00:00,4085,33694,37779
2025-05-21 00:00:00,6803,33600,40403
2025-05-22 00:00:00,9915,33080,42995
2025-05-23 00:00:00,6547,34445,40992
2025-05-24 00:00:00,4036,33040,37076
2025-05-25 00:00:00,7235,31808,39043
2025-05-26 00:00:00,9804,35871,45675
2025-05-27 00:00:00,4534,32737,37271
2025-05-28 00:00:00,6044,33443,39487
2025-05-29 00:00:00,4167,32921,37088
2025-05-30 00:00:00,13717,35877,49594
2025-05-31 00:00:00,4248,36518,40766
2025-06-01 00:00:00,4936,33790,38726
2025-06-02 00:00:00,9551,34341,43892
2025-06-03 00:00:00,8257,34375,42632
2025-06-04 00:00:00,10493,33848,44341
2025-06-05 00:00:00,6455,37367,43822
2025-06-06 00:00:00,6735,42166,48901
2025-06-07 00:00:00,5602,29975,35577
2025-06-08 00:00:00,8827,33205,42032
2025-06-09 00:00:00,6220,33974,40194
2025-06-10 00:00:00,6864,32324,39188
2025-06-11 00:00:00,8952,33202,42154
2025-06-12 00:00:00,6356,31981,38337
2025-06-13 00:00:00,6722,32876,39598
2025-06-14 00:00:00,9081,30526,39607
2025-06-15 00:00:00,7338,31523,38861
2025-06-16 00:00:00,4461,32859,37320
2025-06-17 00:00:00,8722,31568,40290
2025-06-18 00:00:00,9252,31868,41120
2025-06-19 00:00:00,5892,31559,37451
2025-06-20 00:00:00,7242,31261,38503
2025-06-21 00:00:00,11383,29431,40814
2025-06-22 00:00:00,7041,29311,36352
2025-06-23 00:00:00,8321,30515,38836
2025-06-24 00:00:00,4732,30171,34903
2025-06-25 00:00:00,10044,31119,41163
2025-06-26 00:00:00,8546,32075,40621
2025-06-27 00:00:00,6542,33728,40270
2025-06-28 00:00:00,4536,31909,36445
2025-06-29 00:00:00,10347,31040,41387
2025-06-30 00:00:00,7394,29979,37373
2025-07-01 00:00:00,5307,28074,33381
2025-07-02 00:00:00,5621,28348,33969
2025-07-03 00:00:00,11087,29810,40897
2025-07-04 00:00:00,5380,31699,37079
2025-07-05 00:00:00,12106,30388,42494
2025-07-06 00:00:00,5432,29928,35360
2025-07-07 00:00:00,10561,30878,41439
2025-07-08 00:00:00,12245,27863,40108
2025-07-09 00:00:00,7056,28419,35475
2025-07-10 00:00:00,7233,30207,37440
2025-07-11 00:00:00,10160,31262,41422
2025-07-12 00:00:00,7392,29718,37110
2025-07-13 00:00:00,5653,29486,35139
2025-07-14 00:00:00,7430,31052,38482
2025-07-15 00:00:00,7009,28511,35520
2025-07-16 00:00:00,10612,29458,40070
2025-07-17 00:00:00,11450,27647,39097
2025-07-18 00:00:00,5339,30800,36139
2025-07-19 00:00:00,10832,34094,44926
2025-07-20 00:00:00,10516,32265,42781
2025-07-21 00:00:00,6893,34729,41622
2025-07-22 00:00:00,8450,33756,42206
2025-07-23 00:00:00,13959,35792,49751
2025-07-24 00:00:00,6086,35671,41757
2025-07-25 00:00:00,9591,37770,47361
2025-07-26 00:00:00,5472,41535,47007
2025-07-27 00:00:00,8230,40574,48804
2025-07-28 00:00:00,5176,40010,45186
2025-07-29 00:00:00,4974,37818,42792
2025-07-30 00:00:00,7259,39922,47181
2025-07-31 00:00:00,6505,38841,45346
2025-08-01 00:00:00,6582,40214,46796
2025-08-02 00:00:00,5460,39510,44970
2025-08-03 00:00:00,5777,37343,43120
2025-08-04 00:00:00,7608,36711,44319
2025-08-05 00:00:00,5359,32059,37418
2025-08-06 00:00:00,12723,33456,46179
2025-08-07 00:00:00,5046,33833,38879
2025-08-08 00:00:00,9160,35371,44531
2025-08-09 00:00:00,5383,33977,39360
2025-08-10 00:00:00,10658,33381,44039
2025-08-11 00:00:00,9352,34987,44339
2025-08-12 00:00:00,6709,34510,41219
2025-08-13 00:00:00,5540,37994,43534
2025-08-14 00:00:00,9995,40132,50127
2025-08-15 00:00:00,5410,43247,48657
2025-08-16 00:00:00,8486,33945,42431
2025-08-17 00:00:00,5456,34137,39593
2025-08-18 00:00:00,10956,34068,45024
2025-08-19 00:00:00,5110,31080,36190
2025-08-20 00:00:00,9280,32083,41363
2025-08-21 00:00:00,7325,32747,40072
2025-08-22 00:00:00,5667,37034,42701
2025-08-23 00:00:00,10613,36409,47022
2025-08-24 00:00:00,6822,35934,42756
2025-08-25 00:00:00,5514,37525,43039
2025-08-26 00:00:00,12432,34656,47088
2025-08-27 00:00:00,10348,35859,46207
2025-08-28 00:00:00,4661,35142,39803
2025-08-29 00:00:00,5074,35863,40937
2025-08-30 00:00:00,10877,34661,45538
2025-08-31 00:00:00,11571,32153,43724
2025-09-01 00:00:00,7112,28893,36005
2025-09-02 00:00:00,4699,26751,31450
2025-09-03 00:00:00,4924,31341,36265
2025-09-04 00:00:00,14404,33884,48288
2025-09-05 00:00:00,6901,35214,42115
2025-09-06 00:00:00,9893,33584,43477
2025-09-07 00:00:00,4946,31439,36385
2025-09-08 00:00:00,7534,29480,37014
2025-09-09 00:00:00,8860,27232,36092
2025-09-10 00:00:00,7064,32676,39740
2025-09-11 00:00:00,4519,35977,40496
2025-09-12 00:00:00,10340,36319,46659
2025-09-13 00:00:00,10228,34792,45020
2025-09-14 00:00:00,5284,33689,38973
2025-09-15 00:00:00,7138,33365,40503
2025-09-16 00:00:00,11800,29577,41377
2025-09-17 00:00:00,4955,32743,37698
2025-09-18 00:00:00,4447,34890,39337
2025-09-19 00:00:00,5170,36709,41879
2025-09-20 00:00:00,11855,35551,47406
2025-09-21 00:00:00,5166,32863,38029
2025-09-22 00:00:00,5008,30852,35860
2025-09-23 00:00:00,4617,28066,32683
2025-09-24 00:00:00,9656,31904,41560
2025-09-25 00:00:00,9139,33444,42583
2025-09-26 00:00:00,5359,34451,39810
2025-09-27 00:00:00,5162,31709,36871
2025-09-28 00:00:00,10008,29594,39602
2025-09-29 00:00:00,4953,29807,34760
2025-09-30 00:00:00,4971,31081,36052
